type,p,m
การเพาะปลูกและการเลี้ยงสัตว์ บริการที่เกี่ยวข้อง,0,0
การปลูกพืชล้มลุก,0,0
การปลูกธัญพืช (ยกเว้นข้าว) พืชตระกูลถั่วและพืชน้ำมัน,0,0
การปลูกข้าวโพดที่ใช้เมล็ดแก่,24,1013.4969
การปลูกธัญพืช (ยกเว้นข้าวและข้าวโพด),34,600.5
การปลูกพืชตระกูลถั่ว,12,22.6956
การปลูกถั่วเหลือง,1,0.1
การปลูกพืชน้ำมัน (ยกเว้นถั่วเหลือง),11,288.7
การปลูกข้าวจ้าว,680,1203.3468
การปลูกข้าวเหนียว,333,310.4014
การปลูกพืชผักกินใบและพืชผักกินต้น รวมถึงการเพาะเมล็ดพันธุ์ผัก,168,1082.033238
การปลูกพืชผักกินผลรวมถึงแตงชนิดต่าง ๆ รวมถึงการเพาะเมล็ดพันธุ์ผัก,52,1203.878
การปลูกพืชผักกินหัว,10,2.4208
การปลูกพืชจำพวกรากและหัว (ยกเว้นมันสำปะหลัง),1,1
การปลูกมันสำปะหลัง,65,1186.7287
การเพาะเห็ด,82,1257.6294
การปลูกพืชผักอื่นๆ ซึ่งมิได้จัดประเภทไว้ในที่อื่น,345,5547.20623
การปลูกอ้อย,78,1340.311
การปลูกยาสูบ,7,19.71384
การปลูกฝ้าย,0,0
การปลูกพืชเส้นใยอื่นๆ ซึ่งมิได้จัดประเภทไว้ในที่อื่น,6,10.009
การปลูกข้าวโพดเลี้ยงสัตว์,29,4290.481
การปลูกพืชล้มลุกที่ใช้เป็นอาหารสัตว์ (ยกเว้นข้าวโพด เลี้ยงสัตว์),12,98.5
การปลูกกล้วยไม้,32,330.75
การปลูกไม้ดอกอื่นๆ (ยกเว้นกล้วยไม้),18,39.3
การปลูกพืชล้มลุกชนิดอื่นๆ ซึ่งมิได้จัดประเภทไว้ในที่อื่น,72,1030.67
การทำสวนองุ่น,6,113.5
การปลูกสับปะรด,13,118.961
การปลูกทุเรียน,75,2502.313
การปลูกลำไย,5,25.15
การปลูกมะม่วง,22,38.3634
การปลูกกล้วย,14,18.822
การปลูกมังคุด,5,0.0467
การปลูกเงาะ,1,1
การปลูกไม้ผลเมืองร้อนและกึ่งร้อนอื่นๆซึ่งมิได้จัดประเภท ไว้ในที่อื่น,16,328.7
การปลูกส้ม,12,108.445
การปลูกไม้ผลตระกูลส้มอื่นๆซึ่งมิได้จัดประเภทไว้ในที่อื่น,7,42.845
การปลูกไม้ผลเมืองหนาวอื่นๆ ซึ่งมิได้จัดประเภทไว้ในที่อื่น,2,2
การปลูกไม้ผลเปลือกแข็งที่กินได้,3,13.85
การปลูกไม้ผลที่มีต้นเป็นพุ่ม,1,1
การปลูกไม้ผลยืนต้นอื่นๆซึ่งมิได้จัดประเภทไว้ในทื่อื่น,63,1326.28946
การปลูกปาล์มน้ำมัน,185,8439.88013
การปลูกมะพร้าว,59,810.38855
การปลูกไม้ยืนต้นอื่นๆที่ให้น้ำมันซึ่งมิได้จัดประเภทไว้ในที่อื่น,5,29.5
การทำไร่ชา,16,143.4
การทำไร่กาแฟ,31,93.75
การปลูกพืชอื่นๆที่นำไปทำเครื่องดื่มซึ่งมิได้จัดประเภทไว้ในที่อื่น,34,140.86
การปลูกพริก,8,13.045
การปลูกพริกไทย,0,0
การปลูกพืชอื่นๆประเภทเครื่องเทศเครื่องหอมยารักษาโรค และพืชทางเภสัชภัณฑ์ซึ่งมิได้จัดประเภทไว้ในที่อื่น,1495,7261.226315
การปลูกต้นยางพารา,115,14296.92113
การปลูกพืชที่ใช้ในการถักสาน,13,15.2305
การปลูกพืชยืนต้นประเภทอื่นๆซึ่งมิได้จัดประเภทไว้ในที่อื่น,289,11747.62129
การขยายพันธุ์พืช,0,0
การทำสวนไม้ประดับ,66,125.15
การปลูกพืชการเพาะพันธุ์และการขยายพันธุ์พืชอื่นๆ,276,4525.3985
การเลี้ยงโคและกระบือ,0,0
การเลี้ยงโคนมและโคเนื้อ,136,1228.0906
การเลี้ยงกระบือนมและกระบือเนื้อ,12,163.172
การเลี้ยงโคและกระบือเพื่อวัตถุประสงค์อื่นๆซึ่งมิได้จัดประเภท ไว้ในที่อื่น,20,36.5
การเลี้ยงม้าลาล่อม้าล่อและสัตว์อื่นๆที่คล้ายม้า,7,21.2
การเลี้ยงแกะ,6,22.3
การเลี้ยงแพะ,20,74.045
การเลี้ยงสุกร,972,22014.1208
การเลี้ยงสัตว์ปีก,0,0
การเลี้ยงไก่ไข่,318,8025.3808
การเลี้ยงไก่เนื้อ,703,21516.8957
การเลี้ยงเป็ด,28,820.5
การเลี้ยงสัตว์ปีกอื่นๆ ซึ่งมิได้จัดประเภทไว้ในที่อื่น,192,3475.626
การเลี้ยงสัตว์ประเภทอื่นๆ,0,0
การเลี้ยงนกกระจอกเทศและนกอีมู,0,0
การเลี้ยงไหมผีเสื้อและแมลง,20,87.09
การเลี้ยงผึ้ง,68,207.694
การเลี้ยงนกนางแอ่น,27,868.1
การทำฟาร์มงู,2,2
การทำฟาร์มสัตว์เลี้ยง (ยกเว้นสัตว์น้ำ),75,779.44
การเลี้ยงสัตว์ประเภทอื่นๆ ซึ่งมิได้จัดประเภทไว้ในที่อื่น,471,5650.803955
การทำฟาร์มผสมผสาน,256,222114.4769
กิจกรรมสนับสนุนการเกษตรและกิจกรรมหลังการเก็บเกี่ยว,0,0
การควบคุมแมลงและสัตว์ศัตรูพืช,195,175.485
การดำเนินการเกี่ยวกับอุปกรณ์การให้น้ำและเครื่องมือชลประทาน ทางการเกษตร,41,48.882434
กิจกรรมสนับสนุนการผลิตพืชผลซึ่งมิได้จัดประเภทไว้ในที่อื่น,1111,3545.82269
กิจกรรมสนับสนุนการเลี้ยงสัตว์,0,0
กิจกรรมสนับสนุนการแพร่พันธุ์สัตว์,17,139.4
กิจกรรมสนับสนุนการเลี้ยงสัตว์อื่นๆซึ่งมิได้จัดประเภทไว้ในที่อื่น,81,611.1
กิจกรรมหลังการเก็บเกี่ยวพืชผล,179,779.27895
กระบวนการจัดการเมล็ดพันธุ์เพื่อการขยายพันธุ์,109,281.4075
การล่าสัตว์การดักสัตว์และกิจกรรมบริการอื่นๆที่เกี่ยวข้อง,19,27
ป่าไม้และการทำไม้,0,0
วนวัฒนวิทยาและกิจกรรมอื่นๆที่เกี่ยวกับป่าไม้,87,1046.35
การทำไม้,121,2540.459999
การเก็บหาของป่า,10,20.2
บริการสนับสนุนการป่าไม้,34,1536.07
การประมง,0,0
การประมงทะเล,0,0
การจับปลาทะเล,14,56.5
การจับกุ้งทะเล,8,286
การจับปูทะเล,1,2
การจับหมึก,1,0.5
การจับหอยทะเล,3,5
การประมงทะเลอื่นๆ ซึ่งมิได้จัดประเภทไว้ในที่อื่น,48,513.719999
การจับปลาน้ำจืด,5,9
การจับกุ้งน้ำจืด,2,4
การประมงน้ำจืดอื่นๆ ซึ่งมิได้จัดประเภทไว้ในที่อื่น,13,46.6
การเพาะเลี้ยงสัตว์น้ำทะเล,0,0
การเพาะเลี้ยงปลาทะเล,11,82
การเพาะเลี้ยงกุ้งทะเล,77,2174.62
การเพาะเลี้ยงหอยทะเล,7,6.5
การเพาะเลี้ยงสัตว์ทะเลสวยงาม,10,11.3
การเพาะเลี้ยงสัตว์น้ำทะเลอื่นๆซึ่งมิได้จัดประเภทไว้ในที่อื่น,28,383.28
การเพาะเลี้ยงปลาน้ำจืด,93,404.5873
การเพาะเลี้ยงกุ้งน้ำจืด,41,346.3
การเพาะเลี้ยงกบ,1,0.02
การเพาะเลี้ยงจระเข้,7,169
การเพาะเลี้ยงสัตว์น้ำจืดสวยงาม,42,58.3
การเพาะเลี้ยงสัตว์น้ำจืดอื่นๆ ซึ่งมิได้จัดประเภทไว้ในที่อื่น,36,924.541
การทำเหมืองถ่านหินคุณภาพสูง,22,847.719679
การทำเหมืองลิกไนต์,5,1174.66
การผลิตน้ำมันดิบและก๊าซธรรมชาติ,0,0
การผลิตน้ำมันดิบ,25,71197.4404
การผลิตก๊าซธรรมชาติ,30,6392.1867
การทำเหมืองสินแร่เหล็ก,22,1096.9384
การทำเหมืองสินแร่ยูเรเนียมและทอเรียม,1,4
การทำเหมืองสินแร่ดีบุก,33,713.0216
การทำเหมืองสินแร่สังกะสี,1,10
การทำเหมืองสินแร่โลหะนอกกลุ่มสินแร่เหล็กอื่น ๆ ซึ่งมิได้จัด ประเภทไว้ในที่อื่น,353,17061.25992
การทำเหมืองสินแร่โลหะมีค่า,56,1812.388507
การทำเหมืองแร่และเหมืองหินอื่นๆ,0,0
การทำเหมืองหินที่ใช้ในการก่อสร้าง,458,11357.6703
การทำเหมืองหินปูนยิปซัมชอล์กและโดโลไมต์,82,3702.47725
การขุดกรวดและทราย,604,5646.48
การทำเหมืองดิน,37,356.49
การทำเหมืองแร่และเหมืองหินซึ่งมิได้จัดประเภทไว้ในที่อื่น,0,0
การทำเหมืองแร่ที่ใช้ทำเคมีภัณฑ์และปุ๋ย,39,21755.8973
การขุดพีต,0,0
การทำเหมืองเกลือสินเธาว์,12,452.64
การทำเหมืองเกลือสมุทร,9,93
การทำเหมืองแร่ เหมืองแร่อโลหะและเหมืองหินอื่นๆ ซึ่งมิได้จัดประเภทไว้ในที่อื่น,0,0
การทำเหมืองแร่รัตนชาติและกึ่งรัตนชาติ,13,39
การทำเหมืองแร่ เหมืองแร่อโลหะและเหมืองหินอื่นๆ ซึ่งมิได้จัดประเภทไว้ในที่อื่น,443,5937.15805
กิจกรรมที่สนับสนุนการขุดเจาะน้ำมันดิบและก๊าซธรรมชาติ,157,160356.4035
กิจกรรมที่สนับสนุนการทำเหมืองแร่และเหมืองหินอื่นๆ,116,1499.33
การผลิตผลิตภัณฑ์อาหาร,1,60
การแปรรูปและการถนอมเนื้อสัตว์,0,0
การฆ่าสัตว์และการบรรจุเนื้อสัตว์ (ยกเว้นสัตว์ปีก),0,0
การฆ่าสัตว์ (ยกเว้นสัตว์ปีก),135,2707.3564
การบรรจุเนื้อสัตว์สด (ยกเว้นสัตว์ปีก),104,1807.5445
การฆ่าและการบรรจุเนื้อสัตว์ปีกสด,157,37836.67108
การแปรรูปและการถนอมผลิตภัณฑ์เนื้อสัตว์และเนื้อสัตว์ปีก,0,0
การผลิตเนื้อสัตว์และเนื้อสัตว์ปีกด้วยการอบแห้ง การทำเค็มหรือ การรมควัน,128,2190.565
การผลิตไส้กรอกลูกชิ้นและผลิตภัณฑ์อื่นที่คล้ายกันที่ทำจาก เนื้อสัตว์และเนื้อสัตว์ปีก,336,6435.9947
การผลิตเนื้อสัตว์และเนื้อสัตว์ปีกบรรจุกระป๋อง,8,121.4
การผลิตผลิตภัณฑ์พลอยได้จากสัตว์และสัตว์ปีก,89,789.56292
การผลิตผลิตภัณฑ์อื่น ๆ จากเนื้อสัตว์และเนื้อสัตว์ปีกซึ่งมิได้จัด ประเภทไว้ในที่อื่น,227,4229.88
การแปรรูปและการถนอมปลา สัตว์น้ำจำพวกครัสตาเซียและ โมลลุสก์,0,0
การผลิตสัตว์น้ำและผลิตภัณฑ์สัตว์น้ำสดแช่เย็นหรือแช่แข็ง,1,5
การผลิตปลาและผลิตภัณฑ์จากปลาสดแช่เย็น หรือแช่แข็ง,150,2740.95
การผลิตสัตว์น้ำและผลิตภัณฑ์สัตว์น้ำสด (ยกเว้นปลา) แช่เย็นหรือแช่แข็ง,136,8216.678314
การผลิตปลาบรรจุกระป๋อง,48,8891.73999
การผลิตสัตว์น้ำ (ยกเว้นปลา) บรรจุกระป๋อง,10,931.5
การแปรรูปและการถนอมสัตว์น้ำอื่นๆ,0,0
การผลิตผลิตภัณฑ์สัตว์น้ำด้วยการอบแห้ง การรมควัน การทำเค็ม การหมักในน้ำเกลือ หรือน้ำส้มสายชู,178,2227.2994
การผลิตไส้กรอกลูกชิ้นและผลิตภัณฑ์อื่นที่คล้ายกันที่ทำจาก สัตว์น้ำ,37,1721.3625
การผลิตน้ำปลาและผลิตภัณฑ์สัตว์น้ำที่ได้จากการหมัก,195,2233.583
การผลิตปลาป่นสำหรับใช้เป็นอาหารสัตว์,85,1415.9375
การแปรรูปสาหร่าย,32,863.3
การผลิตผลิตภัณฑ์อื่น ๆ จากสัตว์น้ำซึ่งมิได้จัดประเภทไว้ในที่อื่น,82,966.54
การแปรรูปและการถนอมผลไม้และผัก,1,3.5
การผลิตผลไม้และผักแช่แข็ง,166,3033.595725
การผลิตผลไม้และผักบรรจุกระป๋อง,112,10018.74577
การผลิตน้ำผลไม้และน้ำผัก,327,9092.99368
การถนอมผลไม้หรือผักโดยการทำเค็มการอบแห้งการแช่ ในน้ำมันหรือในน้ำส้มสายชู,161,6224.3989
การผลิตแยมแยมผิวส้มและเยลลี,18,93.4
การแปรรูปและการถนอมมันฝรั่ง,9,151
การผลิตผลิตภัณฑ์จากถั่วเปลือกแข็ง,54,744.4
การแปรรูปและการถนอมผลไม้และผักด้วยวิธีอื่นๆซึ่งมิได้ จัดประเภทไว้ในที่อื่น,1057,11006.4916
การผลิตน้ำมันและไขมันจากพืชและสัตว์,0,0
การผลิตน้ำมันถั่วเหลือง,4,129
การผลิตน้ำมันรำข้าว,12,1413.8392
การผลิตน้ำมันข้าวโพด,0,0
การผลิตน้ำมันมะพร้าว,49,676.284
การผลิตน้ำมันพืชชนิดอื่น ๆ ซึ่งมิได้จัดประเภทไว้ในที่อื่น,128,6898.428989
การผลิตน้ำมันปาล์ม,209,25570.55975
การผลิตน้ำมันและไขมันจากสัตว์,24,1428.81038
การผลิตผลิตภัณฑ์อื่น ๆ ที่ได้จากน้ำมันพืชซึ่งมิได้จัด ประเภทไว้ในที่อื่น,26,1179.7025
การผลิตน้ำนมสด (ยกเว้นน้ำนมดิบ),60,3361.1308
การผลิตผลิตภัณฑ์นมข้นหรือนมผง,21,3011.95
การผลิตไอศกรีมและไอศกรีมหวานเย็น,237,5087.7007
การผลิตโยเกิร์ตและนมเปรี้ยว,25,1288.625
การผลิตเนย,26,157.2
การผลิตผลิตภัณฑ์นมอื่น ๆ ซึ่งมิได้จัดประเภทไว้ในที่อื่น,49,1942.999
การสีข้าว,980,43868.49641
การผลิตแป้งจากข้าว,23,1416.264
การผลิตแป้งสาลี,22,5748.675
การผลิตแป้งข้าวโพด,7,171.5
การผลิตแป้งจากเมล็ดธัญพืชอื่น ๆ ซึ่งมิได้จัดประเภทไว้ในที่อื่น,27,962.6
การผลิตแป้งผสมหรือแป้งสำเร็จรูปสำหรับใช้ทำขนมปังและ ประกอบอาหารอื่น ๆ,122,4248.68
การผลิตน้ำธัญพืช,29,755.3335
การผลิตผลิตภัณฑ์อื่น ๆ จากเมล็ดธัญพืชซึ่งมิได้จัด ประเภทไว้ในที่อื่น,779,5565.4954
การผลิตมันเส้นและมันอัดเม็ด,78,2659.841016
การผลิตสตาร์ชมันสำปะหลัง,172,41359.24363
การผลิตสตาร์ชจากข้าวโพดธัญพืชและพืชผักอื่น ๆ (ยกเว้นมันสำปะหลัง),7,29
การผลิตผลิตภัณฑ์จากสตาร์ชอื่น ๆ ซึ่งมิได้จัดประเภทไว้ในที่อื่น,36,2943.5
การผลิตผลิตภัณฑ์อาหารอื่นๆ,0,0
การผลิตผลิตภัณฑ์ขนมอบ,0,0
การผลิตขนมปังเค้กและเพสตรี,910,7394.42114
การผลิตขนมปังกรอบและผลิตภัณฑ์ขนมอบกรอบอื่น ๆ,158,6555.76
การผลิตขนมไทยประเภทอบ,54,179.4
การผลิตน้ำตาล,0,0
การผลิตน้ำตาลดิบจากอ้อย,33,7006.1
การผลิตน้ำตาลบริสุทธิ์,119,63337.78399
การผลิตน้ำตาลจากพืช (ยกเว้นอ้อย),34,783.73638
การผลิตโกโก้และผลิตภัณฑ์จากโกโก้,44,286.14963
การผลิตผลิตภัณฑ์ช็อกโกแลตและขนมหวานจากช็อกโกแลต,46,663.411
การผลิตหมากฝรั่ง,1,70
การถนอมผลไม้ถั่วเปลือกแข็งเปลือกผลไม้และส่วนอื่นๆของพืชโดยใช้น้ำตาล,5,3.8005
การผลิตลูกกวาดและขนมอื่น ๆ ที่ทำจากน้ำตาลซึ่งมิได้จัดประเภทไว้ในที่อื่น,43,1083.8
การผลิตพาสต้า,8,1356.4
การผลิตเส้นก๋วยเตี๋ยว บะหมี่ วุ้นเส้น,193,1637.58375
การผลิตผลิตภัณฑ์อาหารจำพวกแป้งชนิดสำเร็จรูปและ กึ่งสำเร็จรูป,37,3137.398914
การผลิตผลิตภัณฑ์อาหารจำพวกแป้งอื่น ๆ ที่คล้ายกันซึ่งมิได้ จัดประเภทไว้ในที่อื่น,58,329
การผลิตอาหารปรุงสำเร็จ,0,0
การผลิตอาหารปรุงสำเร็จแช่แข็ง,392,14317.00487
การผลิตอาหารปรุงสำเร็จบรรจุในภาชนะปิดสนิทโดยวิธีสุญญากาศ,167,4282.9542
การผลิตกาแฟ ชาและสมุนไพรผงสำหรับชงเป็นเครื่องดื่ม,0,0
การผลิตกาแฟ,453,5264.8964
การผลิตชา,85,765.7
การผลิตสมุนไพรผงสำหรับชงเป็นเครื่องดื่ม,133,685.8839
การผลิตเครื่องเทศและเครื่องแกงสำเร็จรูป,175,1083.4825
การผลิตซอสและเครื่องปรุงอาหารประจำโต๊ะ,303,7949.8829
การผลิตซีอิ๊ว,41,1266.147189
การผลิตผงชูรส,26,1740.7628
การผลิตเกลือบริโภค,27,417.7
การผลิตเครื่องปรุงอาหารประจำโต๊ะและเครื่องประกอบอาหาร อื่น ๆ ซึ่งมิได้จัดประเภทไว้ในที่อื่น,123,9396.881436
การผลิตผลิตภัณฑ์อาหารอื่น ๆ ซึ่งมิได้จัดประเภทไว้ในที่อื่น,0,0
การผลิตขนมขบเคี้ยว/ขนมกรุบกรอบ,255,11025.2806
การผลิตขนมไทยและขนมพื้นเมือง (ยกเว้นขนมอบ),89,240.987185
การผลิตซุปน้ำซุปและอาหารพิเศษ,38,804.4
การผลิตอาหารพร้อมปรุงและอาหารที่เน่าเสียง่าย,275,3108.12794
การผลิตน้ำแข็งเพื่อการบริโภค,1414,11271.76839
การผลิตผลิตภัณฑ์จากไข่,35,174.4
การผลิตผลิตภัณฑ์อาหารอื่น ๆ ซึ่งมิได้จัดประเภทไว้ในที่อื่น,2377,29370.52005
การผลิตอาหารสำเร็จรูปสำหรับเลี้ยงสัตว์,0,0
การผลิตอาหารสำเร็จรูปสำหรับสัตว์เลี้ยง,363,17496.92883
การผลิตอาหารสำเร็จรูปสำหรับเลี้ยงปศุสัตว์ในฟาร์ม,374,58171.15996
การผลิตเครื่องดื่ม,0,0
การผลิตสุรากลั่น,623,32216.0826
การผลิตสุราผสม,22,227.6
การผลิตสุราผลไม้ (ไวน์),0,0
การผลิตไวน์องุ่น,17,312.5
การผลิตไวน์ผลไม้ (ยกเว้นองุ่น),22,32.25
การผลิตสุราผลไม้ (ไวน์) ซึ่งมิได้จัดประเภทไว้ที่อื่น,127,682.3609
การผลิตมอลต์และสุราที่ทำจากข้าวมอลต์,77,27664.0955
การผลิตเครื่องดื่มที่ไม่มีแอลกอฮอล์การผลิตน้ำแร่และน้ำดื่ม บรรจุขวดประเภทอื่น ๆ,0,0
การผลิตน้ำดื่มบริสุทธิ์และน้ำแร่บรรจุขวด,1679,13233.6654
การผลิตน้ำอัดลมและโซดา,29,2141.391664
การผลิตเครื่องดื่มกาแฟ ชาและชาชงสมุนไพรพร้อมดื่ม,413,6569.1
การผลิตเครื่องดื่มให้พลังงานรวมถึงเครื่องดื่มเกลือแร่,57,5161.45
การผลิตเครื่องดื่มที่ไม่มีแอลกอฮอล์อื่นๆซึ่งมิได้จัดประเภทไว้ในที่อื่น,453,35380.79187
การบ่มและการอบใบยาสูบ,22,160.92527
การผลิตบุหรี่และซิการ์,11,29.1
การผลิตผลิตภัณฑ์จากยาสูบและผลิตภัณฑ์ที่ใช้แทนยาสูบอื่น ๆ ซึ่งมิได้จัดประเภทไว้ในที่อื่น (ยกเว้นบุหรี่และซิการ์),35,537.2885
การผลิตสิ่งทอ,0,0
การเตรียมเส้นใย,27,181.43
การปั่นด้ายจากเส้นใยธรรมชาติ,71,24869.783
การปั่นด้ายจากเส้นใยสังเคราะห์,102,15817.89264
การทอผ้า,0,0
การทอผ้าจากเส้นใยธรรมชาติ,133,3898.7267
การทอผ้าจากเส้นใยสังเคราะห์,342,27553.60618
การทอผ้าจากเส้นใยอื่น ๆ ซึ่งมิได้จัดประเภทไว้ในที่อื่น,115,3516.6421
การขจัดไขมันและสิ่งสกปรกการฟอกขาวและการย้อมสี,87,5775.2
การพิมพ์ผ้า,393,3941.379
การตกแต่งสำเร็จสิ่งทอด้วยวิธีอื่น ๆ ซึ่งมิได้จัดประเภทไว้ในที่อื่น,142,955.578
การผลิตผ้าถักและผ้าถักโครเชต์,14,210.02
การผลิตวัสดุสิ่งทอสำเร็จรูปยกเว้นเครื่องแต่งกาย,0,0
การผลิตเครื่องนอนผ้าที่ใช้บนโต๊ะอาหารห้องน้ำและห้องครัว,233,2159.01
การผลิตผลิตภัณฑ์จากผ้าใบและผ้าอื่น ๆ ที่คล้ายกัน,214,1557.23
การผลิตวัสดุสิ่งทอสำเร็จรูปอื่น ๆ ยกเว้นเครื่องแต่งกายซึ่งมิได้ จัดประเภทไว้ในที่อื่น,267,4822.65
การผลิตพรมและพรมหนา,70,3284.99375
การผลิตเชือกเชือกเส้นใหญ่ตาข่ายแหและอวน,102,6356.93
การผลิตสิ่งทอชนิดอื่นๆซึ่งมิได้จัดประเภทไว้ในที่อื่น,0,0
การผลิตผ้าที่ไม่ได้ทอ,10,1526.5
การผลิตสิ่งทอชนิดใช้ในทางอุตสาหกรรม,34,3479.9
การผลิตสิ่งทออื่น ๆ ซึ่งมิได้จัดประเภทไว้ในที่อื่น,334,8741.662
การผลิตเสื้อผ้าเครื่องแต่งกาย,0,0
การผลิตเสื้อผ้าเครื่องแต่งกายยกเว้นเสื้อผ้าเครื่องแต่งกาย ที่ทำจากขนสัตว์,0,0
การผลิตเสื้อผ้าเครื่องแต่งกายยกเว้นการรับจ้างตัดเย็บเสื้อผ้า,0,0
การผลิตเสื้อผ้าเครื่องแต่งกายที่ใช้ในงานอุตสาหกรรมวิชาชีพนักเรียนและนักศึกษา,378,1084.737951
การผลิตเสื้อผ้าชั้นนอก,2607,23992.10461
การผลิตชุดชั้นในและชุดนอน,84,4177
การผลิตเสื้อผ้าสำหรับเด็กทารก,56,335.5
การผลิตชุดกีฬา,173,1093.96059
การผลิตเสื้อผ้าเครื่องแต่งกายจากหนัง,18,122.3
การตัดเย็บเสื้อผ้าตามคำสั่งของลูกค้า,1394,5027.26802
การผลิตเครื่องปกคลุมหรือสวมศีรษะ,39,169.2
การผลิตเครื่องประกอบเครื่องแต่งกายอื่น ๆ ซึ่งมิได้จัดประเภทไว้ในที่อื่น,121,585.739
การผลิตสิ่งของต่าง ๆ ที่ทำจากขนสัตว์,6,555.1
การผลิตเสื้อผ้าเครื่องแต่งกายด้วยการถักและถักโครเชต์,33,547
การผลิตถุงเท้าถุงน่องชุดชั้นในด้วยการถักและถักโครเชต์,57,937.65
การผลิตเครื่องหนังและผลิตภัณฑ์ที่เกี่ยวข้อง,0,0
การฟอกและการตกแต่งเครื่องหนังการตกแต่งและการย้อมสี หนังขนสัตว์,121,5147.918365
การผลิตกระเป๋าเดินทางกระเป๋าถือและกระเป๋าอื่นๆที่ คล้ายกันอานและเครื่องลากเทียมสัตว์,0,0
การผลิตผลิตภัณฑ์ประเภทกระเป๋า,442,4003.165595
การผลิตอานเครื่องลากเทียมสัตว์และของเล่นสัตว์,12,54.2
การผลิตสิ่งของอื่นๆที่ทำจากหนังฟอกหรือหนังอัดซึ่งมิได้ จัดประเภทไว้ในที่อื่น,201,4251.17887
การผลิตรองเท้า,0,0
การผลิตรองเท้าหนัง,128,1657.17
การผลิตรองเท้ายาง,69,1335.09
การผลิตรองเท้าไม้,3,3.5
การผลิตรองเท้ากีฬา,18,118.589
การผลิตรองเท้าอื่น ๆ ซึ่งมิได้จัดประเภทไว้ในที่อื่น,247,4689.15041
การผลิตไม้และผลิตภัณฑ์จากไม้ และไม้ก๊อก ยกเว้น เฟอร์นิเจอร์ การผลิตสิ่งของจากฟางและวัสดุถักสานอื่นๆ,1,1
การเลื่อยไม้และการไสไม้,2,2
การเลื่อยไม้,985,22117.52671
การอบและการอัดน้ำยาไม้,38,638.7
การผลิตแผ่นไม้บางและผลิตภัณฑ์ไม้,228,27727.23427
การผลิตโครงสร้างที่ใช้ในการก่อสร้างและเครื่องประกอบอาคาร,395,2750.774515
การผลิตภาชนะบรรจุที่ทำจากไม้,402,2318.37375
การผลิตผลิตภัณฑ์อื่นๆที่ทำจากไม้การผลิตสิ่งของจาก ไม้ก๊อกฟางและวัสดุถักสาน,0,0
การผลิตเครื่องใช้ในบ้านที่ทำจากไม้และไม้ก๊อก,95,981.79
การผลิตผลิตภัณฑ์ที่ทำจากฟางและวัสดุถักสาน,24,47.01
การผลิตผลิตภัณฑ์จากไม้และไม้ก๊อกซึ่งมิได้จัดประเภทไว้ในที่อื่น,244,4814.025
การผลิตกระดาษและผลิตภัณฑ์ที่แปรรูปจากกระดาษ,0,0
การผลิตเยื่อกระดาษ,35,10701.32903
การผลิตกระดาษและกระดาษแข็ง,244,36598.16346
การผลิตกระดาษลอนลูกฟูกและกระดาษแข็งลอนลูกฟูกและ การผลิตกล่องจากกระดาษและกระดาษแข็ง,1372,41652.6268
การผลิตผลิตภัณฑ์ที่แปรรูปจากกระดาษเพื่อใช้ในครัวเรือนและ สุขอนามัย,145,13932.35309
การผลิตอุปกรณ์เครื่องเขียนจากกระดาษ,123,4729.431919
การผลิตผลิตภัณฑ์แปรรูปอื่น ๆ ที่ทำจากกระดาษและกระดาษแข็ง ซึ่งมิได้จัดประเภทไว้ในที่อื่น,195,7148.59
การพิมพ์และการผลิตซ้ำสื่อบันทึก,0,0
การพิมพ์และการบริการที่เกี่ยวเนื่องกับการพิมพ์,0,0
การพิมพ์,0,0
การพิมพ์หนังสือพิมพ์และวารสารอื่น ๆ,231,2964.25635
การพิมพ์ฉลาก,236,1623.7952
การพิมพ์อื่น ๆ ซึ่งมิได้จัดประเภทไว้ในที่อื่น,3830,19587.9136
การบริการก่อนการพิมพ์,573,1728.21
การบริการอื่น ๆ ที่เกี่ยวเนื่องกับการพิมพ์,251,1737.25
การผลิตซ้ำสื่อบันทึก,108,1002.9517
การผลิตผลิตภัณฑ์ถ่านโค้ก,25,84
การผลิตผลิตภัณฑ์ที่ได้จากโรงกลั่นปิโตรเลียม,124,168938.8784
การผลิตเชื้อเพลิงชีวภาพ,67,11661.2567
การผลิตผลิตภัณฑ์อื่น ๆ ที่ได้จากการกลั่นปิโตรเลียมซึ่งมิได้ จัดประเภทไว้ในที่อื่น,241,112427.345
การผลิตเคมีภัณฑ์และผลิตภัณฑ์เคมี,0,0
การผลิตเคมีภัณฑ์ขั้นมูลฐานปุ๋ยเคมีและสารประกอบไนโตรเจน พลาสติกและยางสังเคราะห์ขั้นต้น,0,0
การผลิตเคมีภัณฑ์ขั้นมูลฐาน,0,0
การผลิตก๊าซที่ใช้ในงานอุตสาหกรรม,87,9914.7277
การผลิตสีย้อมผ้าและสีผง,63,3784.32108
การผลิตเคมีภัณฑ์อนินทรีย์ขั้นมูลฐานอื่น ๆ,324,94215.24515
การผลิตแอลกอฮอล์และเอสเตอร์,37,12063.624
การผลิตเคมีภัณฑ์อินทรีย์ขั้นมูลฐานอื่น ๆ,341,22128.59525
การผลิตปุ๋ยเคมีและปุ๋ยที่มีธาตุไนโตรเจนเป็นสารประกอบ,0,0
การผลิตปุ๋ยเคมี,950,16011.22655
การผลิตสารประกอบไนโตรเจน,15,479.36
การผลิตพลาสติกและยางสังเคราะห์ขั้นต้น,0,0
การผลิตเม็ดพลาสติกและพลาสติกขั้นต้น,722,131125.1064
การผลิตยางสังเคราะห์ขั้นต้น,40,10871.85204
การผลิตผลิตภัณฑ์เคมีชนิดอื่นๆ,0,0
การผลิตยาปราบศัตรูพืชและเคมีภัณฑ์อื่นๆเพื่อการเกษตร,241,5640.167499
การผลิตสีน้ำมันชักเงาและสารเคลือบประเภทเดียวกัน หมึกพิมพ์และน้ำมันทาไม้,0,0
การผลิตสีน้ำมันชักเงาและสารเคลือบประเภทเดียวกันและ น้ำมันทาไม้,376,16240.84401
การผลิตหมึกพิมพ์และผงหมึก,80,2539.726
การผลิตสบู่และสารซักฟอกผลิตภัณฑ์ทำความสะอาดและ ขัดเงาน้ำหอมและผลิตภัณฑ์ในห้องน้ำ,0,0
การผลิตสบู่และสารซักฟอกผลิตภัณฑ์ที่ใช้ในการทำความสะอาด และขัดเงา,669,37659.6653
การผลิตเครื่องหอม เครื่องสำอาง และผลิตภัณฑ์ในห้องน้ำ,3966,24481.94793
การผลิตผลิตภัณฑ์ที่เกี่ยวกับระเบิด,18,137.3
การผลิตกาวและเจลาติน,131,5154.22444
การผลิตน้ำมันหอมระเหย,80,372.95
การผลิตเคมีภัณฑ์ที่ใช้ในการถ่ายรูป,5,22
การผลิตผลิตภัณฑ์เคมีอื่น ๆ ซึ่งมิได้จัดประเภทไว้ในที่อื่น,732,59258.76968
การผลิตเส้นใยประดิษฐ์,110,27347.60786
การผลิตเภสัชภัณฑ์และเคมีภัณฑ์ที่ใช้รักษาโรค,857,30197.31113
การผลิตผลิตภัณฑ์จากพืชและสัตว์ที่ใช้รักษาโรค,1243,9335.208564
การผลิตผลิตภัณฑ์ยางและพลาสติก,0,0
การผลิตผลิตภัณฑ์ยาง,0,0
การผลิตยางล้อและยางในรวมถึงการหล่อดอกยางและการซ่อม สร้างยางล้อ,0,0
การผลิตยางล้อและยางใน,118,98965.52813
การหล่อดอกยางและการซ่อมสร้างยางล้อ,54,1135.69
การผลิตผลิตภัณฑ์ยางชนิดอื่นๆ,2,3
การผลิตยางแผ่นและยางแท่ง,177,29870.08292
การผลิตน้ำยางข้น,79,6214.283285
การผลิตสิ่งของเครื่องใช้ด้านสุขอนามัยหรือเภสัชกรรมที่ทำ จากยาง,187,16441.6895
การผลิตผลิตภัณฑ์ยางอื่น ๆ ซึ่งมิได้จัดประเภทไว้ในที่อื่น,744,32900.38618
การผลิตผลิตภัณฑ์พลาสติก,2,4
การผลิตผลิตภัณฑ์ที่ใช้ในการก่อสร้าง/ประกอบอาคารที่ทำจากพลาสติก,180,5481.1573
การผลิตบรรจุภัณฑ์พลาสติก,1924,63461.54213
การผลิตผลิตภัณฑ์พลาสติกสำเร็จรูป,532,45350.45287
การผลิตผลิตภัณฑ์พลาสติกอื่นๆซึ่งมิได้จัดประเภทไว้ในที่อื่น,0,0
การผลิตเครื่องใช้บนโต๊ะอาหารในครัวและในห้องน้ำที่ทำจากพลาสติก,72,1739.29469
การผลิตผลิตภัณฑ์ไฟเบอร์กลาส,207,3199.91248
การผลิตผลิตภัณฑ์พลาสติกอื่น ๆ ซึ่งมิได้จัดประเภทไว้ในที่อื่น,2621,123506.596
การผลิตแก้ว/กระจกแผ่น,176,10464.01785
การผลิตภาชนะบรรจุภัณฑ์และเครื่องใช้บนโต๊ะอาหารที่ทำจากแก้ว,45,18912.6267
การผลิตไฟเบอร์กลาส,30,3204.33
การผลิตผลิตภัณฑ์แก้วอื่น ๆ ซึ่งมิได้จัดประเภทไว้ในที่อื่น,62,11771.195
การผลิตผลิตภัณฑ์วัสดุทนไฟ,27,619.7
การผลิตวัสดุก่อสร้างที่วัตถุดิบหลักทำจากดิน,0,0
การผลิตอิฐ,161,1504.52712
การผลิตกระเบื้องปูพื้นและแผ่นเซรามิก,62,8327.569491
การผลิตเครื่องสุขภัณฑ์เซรามิก,65,10535.6798
การผลิตวัสดุที่ใช้ในการก่อสร้างอื่น ๆ ที่ทำจากดินเหนียวซึ่งมิได้ จัดประเภทไว้ในที่อื่น,34,269.299
การผลิตผลิตภัณฑ์เซรามิกที่เป็นเครื่องใช้บนโต๊ะอาหาร,55,4735.152763
การผลิตผลิตภัณฑ์ประติมากรรมและของตกแต่งที่ทำจากเซรามิก,213,833.465
การผลิตลูกถ้วยฉนวนไฟฟ้าและอุปกรณ์ประกอบลูกถ้วยฉนวนไฟฟ้าที่ทำจากเซรามิก,30,2416
การผลิตผลิตภัณฑ์เครื่องเคลือบปอร์ซเลนและเซรามิกชนิดอื่น ๆ ซึ่งมิได้จัดประเภทไว้ในที่อื่น,110,2080.64
การผลิตปูนซีเมนต์,83,13096.54006
การผลิตปูนไลม์ (ปูนขาว) และปูนปลาสเตอร์,56,1217.5125
การผลิตผลิตภัณฑ์คอนกรีตปูนซีเมนต์และปูนปลาสเตอร์,0,0
การผลิตผลิตภัณฑ์คอนกรีตเพื่อใช้ในงานก่อสร้าง,1376,62108.11635
การผลิตผลิตภัณฑ์ปูนปลาสเตอร์ที่ใช้ในงานก่อสร้าง,39,11173.28787
การผลิตคอนกรีตผสมเสร็จ,939,25550.13091
การผลิตผลิตภัณฑ์ไฟเบอร์ซีเมนต์,109,7067.5331
การผลิตผลิตภัณฑ์อื่น ๆ ที่ทำจากคอนกรีตซีเมนต์และ ปูนปลาสเตอร์ซึ่งมิได้จัดประเภทไว้ในที่อื่น,151,5256.05374
การตัดการขึ้นรูปและการแต่งสำเร็จหิน,0,0
การผลิตผลิตภัณฑ์หินที่ใช้ในการก่อสร้าง,140,3563.406
การผลิตผลิตภัณฑ์อื่น ๆ ที่ทำจากหินซึ่งมิได้จัดประเภทไว้ในที่อื่น,76,3265.73
การผลิตผลิตภัณฑ์ขัดถู,44,1176.2
การผลิตวัสดุที่เป็นฉนวนจากแร่,57,1657.1
การผลิตผลิตภัณฑ์อื่นๆที่ทำจากแร่อโลหะซึ่งมิได้จัดประเภทไว้ในที่อื่น,54,1708.4
การผลิตเหล็กและเหล็กกล้าขั้นมูลฐาน,0,0
การผลิตเหล็กและเหล็กกล้าขั้นมูลฐานขั้นต้นและขั้นกลาง,225,28603.90864
การผลิตเหล็กและเหล็กกล้าแผ่น,136,37725.4533
การผลิตหลอดท่อฮอลโลว์โฟรไฟล์และอุปกรณ์ติดตั้งที่เกี่ยวข้องที่ทำจากเหล็กกล้า,78,5881.9993
การผลิตเหล็กและเหล็กกล้าขั้นมูลฐานอื่น ๆ ซึ่งมิได้จัดประเภทไว้ในที่อื่น,1027,1185889.487
การผลิตโลหะมีค่าและโลหะอื่นที่ไม่ไช่เหล็กขั้นมูลฐาน,0,0
การผลิตโลหะมีค่า,73,1170.55
การผลิตอะลูมิเนียมและผลิตภัณฑ์อะลูมิเนียม,330,71816.15809
การผลิตสังกะสีตะกั่วดีบุกและผลิตภัณฑ์ของของดังกล่าว,36,3746.03
การผลิตทองแดงและผลิตภัณฑ์ทองแดง,93,14464.029
การผลิตโลหะสามัญและผลิตภัณฑ์โลหะสามัญอื่น ๆ ที่มิใช่เหล็ก,162,6277.025
การหล่อโลหะ,0,0
การหล่อเหล็กและเหล็กกล้า,1,1
การหล่อเหล็ก,170,8659.2936
การหล่อเหล็กกล้า,26,520
การหล่อโลหะที่ไม่ใช่เหล็กและเหล็กกล้า,256,5239.64
การผลิตผลิตภัณฑ์ที่มีโครงสร้างเป็นโลหะ ถังน้ำขนาดใหญ่ที่เก็บกักน้ำและเครื่องกำเนิดไอน้ำ,0,0
การผลิตผลิตภัณฑ์ที่มีโครงสร้างเป็นโลหะ,0,0
การผลิตผลิตภัณฑ์ที่มีโครงสร้างเป็นโลหะสำหรับใช้ในงานก่อสร้าง,509,8822.132825
การผลิตโลหะที่เป็นโครงสร้างของการก่อสร้างอาคาร,217,3097
การผลิตประตู หน้าต่าง กรอบประตู หน้าต่าง ประตูใหญ่ และ ผลิตภัณฑ์ที่คล้ายกันที่ทำจากโลหะ,530,7880.555
การผลิตผลิตภัณฑ์อื่นๆ ที่มีโครงสร้างเป็นโลหะ ซึ่งมิได้จัดประเภทไว้ในที่อื่น,527,9744.94874
การผลิตถังน้ำขนาดใหญ่(ที่มีความจุเกิน 300 ลิตร) ที่เก็บกักน้ำและภาชนะบรรจุที่ทำ จากโลหะ,0,0
การผลิตหม้อน้ำสำหรับการทำความร้อนจากส่วนกลางและเครื่องระบายความร้อน,22,988.22484
การผลิตภาชนะบรรจุสิ่งของที่ทำจากโลหะ เพื่อเก็บก๊าซอัดหรือ ก๊าซเหลว,45,1872.208983
การผลิตถังน้ำขนาดใหญ่ (ที่มีความจุเกิน 300 ลิตร) ที่เก็บกักน้ำและภาชนะบรรจุที่ทำ จากโลหะ ซึ่งมิได้จัดประเภทไว้ในที่อื่น,126,1682.2
การผลิตเครื่องกำเนิดไอน้ำยกเว้นหม้อต้มน้ำร้อนสำหรับ ทำความร้อนจากส่วนกลาง,28,531.336
การผลิตกระสุนและวัตถุระเบิด,10,395.80264
การผลิตอาวุธหนัก อาวุธปืน รวมถึงอาวุธอื่นๆ ซึ่งมิได้จัดประเภทไว้ในที่อื่น,56,625.0981
การผลิตผลิตภัณฑ์โลหะประดิษฐ์ชนิดอื่นๆ กิจกรรมบริการงาน โลหะ,0,0
การผลิตผลิตภัณฑ์โลหะโดยวิธีการตี การอัด การตอกพิมพ์และ การรีด การผสมโลหะผง,389,28636.95733
การปรับสภาพและการเคลือบโลหะ การกัดกลึงขึ้นรูป,0,0
การตกแต่งและการเคลือบโลหะ,1061,17462.844
การกลึงกัดไสโลหะ,4370,12957.27577
การผลิตเครื่องตัด,29,384.9
การผลิตกุญแจและบานพับ,61,2543.9776
การผลิตเครื่องมือที่ใช้งานด้วยมือและเครื่องโลหะทั่วไปซึ่งมิได้จัดประเภทไว้ในที่อื่น,334,15240.2339
การผลิตถัง กระป๋องถังกลมขนาดใหญ่ (ที่มีความจุไม่เกิน 300 ลิตร) และภาชนะบรรจุที่คล้ายกันที่ทำจากโลหะ,0,0
การผลิตถังถังกลมขนาดใหญ่ (ที่มีความจุไม่เกิน 300 ลิตร) และภาชนะบรรจุที่คล้ายกันที่ทำจากโลหะ,49,1360.15
การผลิตกระป๋องโลหะและบรรจุภัณฑ์อื่นๆที่ทำจากโลหะซึ่งมิได้จัดประเภทไว้ในที่อื่น,84,13465.01
การผลิตของที่ทำจากลวด โซ่ ลวดสปริง สลักเกลียว และ ตะปูควง,0,0
การผลิตลวด เคเบิลและของที่ทำจากลวด,156,3710.77
การผลิตโซ่ ลวดสปริง สลักเกลียว และตะปูควง,335,15091.53534
การผลิตผลิตภัณฑ์โลหะประดิษฐ์ซึ่งมิได้จัดประเภทไว้ในที่อื่น,0,0
การผลิตเครื่องสุขภัณฑ์ที่ทำจากโลหะ,36,1884.8073
การผลิตเครื่องใช้ในครัวเรือนที่ทำจากโลหะ,238,9403.00048
การผลิตตู้นิรภัยและเครื่องใช้สำนักงานที่ทำจากโลหะ (ยกเว้น เฟอร์นิเจอร์),44,1386.52
การผลิตผลิตภัณฑ์โลหะประดิษฐ์อื่นๆซึ่งมิได้จัดประเภทไว้ในที่อื่น,1014,39301.7797
การผลิตผลิตภัณฑ์คอมพิวเตอร์ อิเล็กทรอนิกส์ และอุปกรณ์ทางทัศนศาสตร์,0,0
การผลิตชิ้นส่วนอุปกรณ์แสดงภาพ,23,2287.45
การผลิตตัวเก็บประจุและตัวต้านทานสำหรับวงจรอิเล็กทรอนิกส์,24,6231.95
การผลิตแผ่นวงจรอิเล็กทรอนิกส์,192,93545.92764
การผลิตอุปกรณ์กึ่งตัวนำและวงจรรวม,112,15913.5215
การผลิตส่วนประกอบอิเล็กทรอนิกส์อื่นๆซึ่งมิได้จัดประเภทไว้ในที่อื่น,1019,169189.957
การผลิตคอมพิวเตอร์และ/หรือการประกอบคอมพิวเตอร์,263,11360.4
การผลิตอุปกรณ์จัดเก็บข้อมูล,20,1801.8
การผลิตจอคอมพิวเตอร์,5,4785.55
การผลิตอุปกรณ์ต่อพ่วงอื่นๆซึ่งมิได้จัดประเภทไว้ในที่อื่น,75,48192.391
การผลิตโทรศัพท์และโทรสารแบบใช้สาย,23,1920.5
การผลิตอุปกรณ์สื่อสารแบบไร้สาย,55,2347.1241
การผลิตอุปกรณ์สื่อสารข้อมูลที่ใช้ในการส่งสัญญาณอิเล็กทรอนิกส์ไปตามสายหรือออกอากาศ,109,17244.29155
การผลิตอุปกรณ์สื่อสารอื่นๆซึ่งมิได้จัดประเภทไว้ในที่อื่น,97,16131.33
การผลิตเครื่องอิเล็กทรอนิกส์สำหรับผู้บริโภค,0,0
การผลิตเครื่องรับโทรทัศน์,22,1154.5
การผลิตเครื่องรับวิทยุเครื่องบันทึกและทำสำเนาเสียงและภาพ,26,414.225
การผลิตไมโครโฟนลำโพงและเครื่องขยายเสียง,117,3541.8
การผลิตเครื่องใช้อิเล็กทรอนิกส์อื่นๆชนิดใช้ในครัวเรือน ซึ่งมิได้จัดประเภทไว้ในที่อื่น,46,2338.68
การผลิตเครื่องมือที่ใช้ในการวัดการทดสอบการนำร่องและอุปกรณ์การควบคุม (ยกเว้น ในทางอุตสาหกรรม),142,3579.5975
การผลิตเครื่องมือใช้ในการวัด การทดสอบ และการควบคุมกระบวนการผลิตในทางอุตสาหกรรม,115,883.4321
การผลิตนาฬิกา,28,3862.5
การผลิตผลิตภัณฑ์อื่นๆที่มีเครื่องนาฬิกาประกอบอยู่,1,1
การผลิตเครื่องฉายรังสี และเครื่องมืออิเล็กทรอนิกส์ทางการแพทย์และทางการบำบัดรักษา,40,784.9
การผลิตเลนส์,29,13636.859
การผลิตเครื่องมือทางทัศนศาสตร์ (ยกเว้น เลนส์),12,385
การผลิตอุปกรณ์เกี่ยวกับการถ่ายภาพและถ่ายภาพยนตร์,45,2246.2
การผลิตสื่อแม่เหล็ก และสื่อเชิงแสง,4,7.6
การผลิตอุปกรณ์ไฟฟ้า,0,0
การผลิตมอเตอร์ไฟฟ้าเครื่องกำเนิดไฟฟ้าหม้อแปลงไฟฟ้า และอุปกรณ์ควบคุมและจ่ายไฟฟ้า,0,0
การผลิตมอเตอร์ไฟฟ้าและเครื่องกำเนิดไฟฟ้า,219,30678.97557
การผลิตหม้อแปลงไฟฟ้า,121,7845.215506
การผลิตอุปกรณ์ควบคุมและจ่ายไฟฟ้า,302,18748.0081
การผลิตแบตเตอรี่และหม้อสะสมไฟฟ้า,152,17506.1827
การผลิตสายไฟฟ้าและอุปกรณ์การเดินสายไฟฟ้า,0,0
การผลิตเคเบิลเส้นใยนำแสง,24,3313.96
การผลิตสายไฟฟ้าและเคเบิลสำหรับงานไฟฟ้าและอิเล็กทรอนิกส์ อื่นๆ,204,17274.68532
การผลิตอุปกรณ์การเดินสายไฟฟ้า,120,6815.455848
การผลิตหลอดไฟฟ้า,123,7551.629075
การผลิตอุปกรณ์ไฟฟ้าอื่นๆสำหรับให้แสงสว่าง,219,8773.177738
การผลิตเครื่องใช้ไฟฟ้าชนิดใช้ในครัวเรือน (ยกเว้นประเภทผลิต ความร้อนด้วยไฟฟ้า),440,65305.55876
การผลิตเครื่องใช้ในครัวเรือนประเภทผลิตความร้อนด้วยไฟฟ้า,136,11651.7204
การผลิตเครื่องใช้ในครัวเรือนประเภทผลิตความร้อนที่ไม่ต้องใช้ไฟฟ้า,35,438.55
การผลิตเครื่องใช้ไฟฟ้าชนิดอื่นๆ,0,0
การผลิตเครื่องจ่ายไฟฟ้าต่อเนื่อง,17,2037.800581
การผลิตอุปกรณ์ให้สัญญาณแบบไฟฟ้า,77,1127.35
การผลิตอุปกรณ์ไฟฟ้าอื่นๆซึ่งมิได้จัดประเภทไว้ในที่อื่น การผลิตเครื่องจักรและเครื่องมือซึ่งมิได้จัดประเภทไว้ในที่อื่น,802,19826.87717
การผลิตเครื่องจักรและเครื่องมือ ซึ่งมิได้จัดประเภทไว้ในที่อื่น,1,2
การผลิตเครื่องจักรที่ใช้งานทั่วไป,1,2
การผลิตเครื่องยนต์และเครื่องกังหันยกเว้นเครื่องยนต์ที่ใช้กับอากาศยานยานยนต์และจักรยานยนต์,46,1989
การผลิตเครื่องสูบของไหล,54,6835.6
การผลิตเครื่องสูบ คอมเพรสเซอร์ ก๊อกน้ำและวาล์วอื่นๆ,0,0
การผลิตเครื่องสูบอื่นๆและคอมเพรสเซอร์,70,10136.841
การผลิตก๊อกและวาล์วอื่นๆ,78,6358.06
การผลิตตลับลูกปืนเกียร์และอุปกรณ์ที่ใช้ขับเคลื่อน,57,29580.49026
การผลิตเตาอบเตาหลอมและเตาเผา,142,1485.86
การผลิตอุปกรณ์ที่ใช้สำหรับยกและขนย้าย,297,8262.979335
การผลิตเครื่องจักรและเครื่องใช้สำนักงาน (ยกเว้นคอมพิวเตอร์ และอุปกรณ์ต่อพ่วง),129,6598.795
การผลิตเครื่องมือที่ใช้พลังงานขับเคลื่อน,30,650.824
การผลิตเครื่องทำความเย็น,486,32935.54932
การผลิตเครื่องจักรอื่นๆที่ใช้งานทั่วไปซึ่งมิได้จัดประเภทไว้ในที่อื่น,3526,53245.87614
การผลิตเครื่องจักรที่ใช้ในงานเฉพาะอย่าง,0,0
การผลิตเครื่องจักรที่ใช้ในการเกษตรและการป่าไม้,0,0
การผลิตรถแทรกเตอร์ที่ใช้ในงานเกษตรและงานป่าไม้,42,4937.2
การผลิตเครื่องจักรอื่นๆที่ใช้ในทางการเกษตรและการป่าไม้ (ยกเว้นแทรกเตอร์ที่ใช้ในทางการเกษตรและงานป่าไม้),326,4083.73
การผลิตเครื่องจักรที่ใช้ในการขึ้นรูปโลหะและเครื่องมือกล,1,2
การผลิตเครื่องจักรที่ใช้ในการขึ้นรูปโลหะ,490,7914.69154
การผลิตเครื่องมือกลอื่นๆซึ่งมิได้จัดประเภทไว้ในที่อื่น,290,6276.24
การผลิตเครื่องจักรสำหรับงานโลหะกรรม,947,16258.5864
การผลิตเครื่องจักรสำหรับการทำเหมืองแร่เหมืองหินและ การก่อสร้าง,124,7422.677
การผลิตเครื่องจักรที่ใช้ในกระบวนการผลิตอาหารเครื่องดื่มและ ยาสูบ,130,1039.3
การผลิตเครื่องจักรที่ใช้ในการเตรียมปั่นทอและถักนิตสิ่งทอ,11,23.65
การผลิตเครื่องจักรอื่นๆที่ใช้ในการผลิตสิ่งทอเครื่องแต่งกาย และเครื่องหนัง,26,378.3
การผลิตเครื่องจักรเพื่อใช้ในงานเฉพาะอย่างอื่นๆ,1,1
การผลิตเครื่องจักรเพื่อใช้ในการผลิตกระดาษและกระดาษแข็ง,12,256
การผลิตเครื่องจักรเพื่อใช้งานกับยางหรือพลาสติก,132,1972.7754
การผลิตเครื่องจักรเพื่อใช้งานเฉพาะอย่างอื่นๆซึ่งมิได้จัดประเภทไว้ในที่อื่น,1190,23753.73757
การผลิตยานยนต์,0,0
การผลิตเครื่องยนต์สำหรับยานยนต์,46,8877.6
การผลิตรถยนต์ส่วนบุคคล,135,72005.5472
การผลิตรถกระบะ1ตัน,11,8510.5
การผลิตยานยนต์อื่นๆที่ใช้เพื่อการโดยสาร,31,3882.090999
การผลิตยานยนต์อื่นๆซึ่งมิได้จัดประเภทไว้ในที่อื่น,202,17347.531
การผลิตตัวถังยานยนต์,156,5844.097653
การผลิตรถพ่วงและรถกึ่งรถพ่วง,101,29246.98178
การผลิตตู้บรรทุกสินค้า,94,950.8
การผลิตชิ้นส่วน และอุปกรณ์เสริม สำหรับยานยนต์,0,0
การผลิตที่นั่งภายในยานยนต์,71,6936.700274
การผลิตอุปกรณ์ไฟฟ้าสำหรับยานยนต์,72,6317.1589
การผลิตชิ้นส่วนและอุปกรณ์เสริมอื่นๆสำหรับยานยนต์ซึ่งมิได้จัดประเภทไว้ในที่อื่น,2100,292051.7381
การต่อเรือใหญ่ และเรือเล็ก,0,0
การต่อเรือใหญ่ และสิ่งก่อสร้างลอยน้ำ,223,26806.70186
การต่อเรือที่ใช้เพื่อความสำราญและการกีฬา,32,182
การผลิตหัวรถจักรและตู้สำหรับขนส่งทางรถไฟหรือรถราง,21,897.7
การผลิตอากาศยานยานอวกาศและเครื่องจักรที่เกี่ยวข้อง,76,3650.06676
การผลิตยานยนต์ทางการทหารเพื่อใช้ในการสู้รบ,4,42
การผลิตอุปกรณ์ขนส่งซึ่งมิได้จัดประเภทไว้ในที่อื่น,0,0
การผลิตจักรยานยนต์,88,11234.19254
การผลิตเครื่องยนต์ ชิ้นส่วนและอุปกรณ์เสริมสำหรับจักรยานยนต์,208,6629.772
การผลิตจักรยาน,65,2590.916
การผลิตรถสำหรับคนพิการ,2,6
การผลิตอุปกรณ์การขนส่งอื่นๆซึ่งมิได้จัดประเภทไว้ในที่อื่น,77,2088.899999
การผลิตเฟอร์นิเจอร์,1,2
การผลิตเฟอร์นิเจอร์ไม้,978,15520.3613
การผลิตเฟอร์นิเจอร์โลหะ,205,4151.6288
การผลิตฐานรองที่นอนและที่นอน,210,4274.2853
การผลิตเฟอร์นิเจอร์ที่ทำจากวัสดุอื่นๆ (ยกเว้น หิน คอนกรีต หรือเซรามิก),1943,30836.69353
การผลิตผลิตภัณฑ์ประเภทอื่นๆ,1,1
การผลิตเครื่องประดับอัญมณีเครื่องประดับเพชรพลอยและ สิ่งของอื่นๆที่เกี่ยวข้อง,2,10
การผลิตเครื่องประดับอัญมณีและสิ่งของอื่นๆที่เกี่ยวข้อง,0,0
การผลิตเครื่องประดับจากอัญมณีและโลหะมีค่า,1500,22713.37977
การผลิตสิ่งของเครื่องใช้จากเพชรพลอยและโลหะมีค่า,41,566.15
การเจียระไนและการขัดเพชรพลอย,74,1536.48
การผลิตเครื่องประดับ ที่ทำจากอัญมณีเทียมและสิ่งของที่เกี่ยวข้อง,164,1344.205
การผลิตเครื่องดนตรี,0,0
การผลิตเครื่องดนตรีไทย,6,14
การผลิตเครื่องดนตรี ซึ่งมิได้จัดประเภทไว้ในที่อื่น,26,309.1
การผลิตเครื่องกีฬา,0,0
การผลิตลูกบอลที่ใช้ในการกีฬา,8,928.9175
การผลิตกระดานแล่นใบและกระดานโต้คลื่นและอุปกรณ์สำหรับเล่นกีฬาทางน้ำ,24,598.18368
การผลิตอุปกรณ์สำหรับกีฬาตกปลา,56,536.501
การผลิตอุปกรณ์กีฬาอื่นๆซึ่งมิได้จัดประเภทไว้ในที่อื่น,238,5868.08929
การผลิตของเล่นที่มีล้อ,16,396
การผลิตตุ๊กตา,62,516.7
การผลิตเกมและของเล่นอื่นๆซึ่งมิได้จัดประเภทไว้ในที่อื่น,154,1714.59746
การผลิตเครื่องมือและอุปกรณ์ทางการแพทย์และทางทันตกรรม,0,0
การผลิตเครื่องมือและอุปกรณ์ในทางการแพทย์ (ยกเว้นทางทันตกรรม),951,29782.0816
การผลิตเครื่องมือและอุปกรณ์ในทางทันตกรรม,165,791.295
การผลิตผลิตภัณฑ์อื่นๆซึ่งมิได้จัดประเภทไว้ในที่อื่น,0,0
การผลิตไม้กวาดและแปรง,46,324.8
การผลิตอุปกรณ์เครื่องเขียน,145,1960.8524
การผลิตเครื่องอุปกรณ์ด้านความปลอดภัย,115,2341.44918
การผลิตดอกไม้และต้นไม้ประดิษฐ์,186,855.1535
การผลิตผลิตภัณฑ์อื่นๆซึ่งมิได้จัดประเภทไว้ในที่อื่น,1763,21698.49015
การซ่อมและการติดตั้งเครื่องจักรและอุปกรณ์,2,2
การซ่อมผลิตภัณฑ์โลหะประดิษฐ์,104,566.716
การซ่อมเครื่องจักร,0,0
การซ่อมเครื่องจักรที่ใช้งานทั่วไป,2434,6723.796176
การซ่อมเครื่องจักรที่ใช้งานเฉพาะอย่าง,830,3902.8785
การซ่อมอุปกรณ์อิเล็กทรอนิกส์และอุปกรณ์ทางทัศนศาสตร์,0,0
การซ่อมและบำรุงรักษาเครื่องมือที่ใช้ในการวัดการทดสอบการนำร่องและอุปกรณ์การควบคุม,103,1311.3413
การซ่อมและบำรุงรักษาเครื่องฉายรังสีและเครื่องมืออิเล็กทรอนิกส์ทางการแพทย์และทางการบำบัดรักษา,141,193.6
การซ่อมและบำรุงรักษาเครื่องมือทางทัศนศาสตร์และอุปกรณ์ทางถ่ายภาพ,11,397.8
การซ่อมอุปกรณ์ไฟฟ้า,0,0
การซ่อมมอเตอร์ไฟฟ้าเครื่องกำเนิดไฟฟ้าหม้อแปลงไฟฟ้าและอุปกรณ์ควบคุมและจ่ายไฟฟ้า,447,1565.363888
การซ่อมแบตเตอรี่และหม้อสะสมไฟฟ้า,27,103.5317
การซ่อมอุปกรณ์ไฟฟ้าอื่นๆซึ่งมิได้จัดประเภทไว้ในที่อื่น,377,1076.635
การซ่อมเรือ,317,1529.37111
การซ่อมอากาศยาน,91,4736.8936
การซ่อมอุปกรณ์ขนส่งอื่นๆซึ่งมิได้จัดประเภทไว้ในที่อื่น (ยกเว้น ยานยนต์),119,520.76
การซ่อมอุปกรณ์อื่นๆ,202,1691.25
การติดตั้งเครื่องจักรอุตสาหกรรมและอุปกรณ์,3228,14012.14908
ไฟฟ้าก๊าซไอน้ำและระบบการปรับอากาศ,0,0
การผลิต การส่งและการจ่ายกระแสไฟฟ้า,1,1
การผลิตและการส่งไฟฟ้า,4191,823792.1549
การจ่ายไฟฟ้า,198,38193.92
การผลิตก๊าซการจ่ายเชื้อเพลิงก๊าซผ่านท่อหลัก,0,0
การผลิตก๊าซ,122,3633.4628
การจ่ายเชื้อเพลิงก๊าซผ่านท่อหลัก,45,3402.4
การผลิตน้ำแข็งชนิดไม่ใช้เพื่อการบริโภค,64,618.75
การจัดหาไอน้ำและระบบการปรับอากาศ (ยกเว้นการผลิตน้ำแข็ง ชนิดไม่ใช้เพื่อการบริโภค),68,1419.5
การเก็บกักน้ำ,10,9.6
การจัดหาน้ำและการจ่ายน้ำสำหรับใช้ในครัวเรือนและอุตสาหกรรม ผ่านระบบประปา,226,31693.36114
การจัดหาน้ำและการจ่ายน้ำสำหรับใช้ในการเกษตร,18,19.12
การจัดหาและการจ่ายน้ำอื่นๆซื่งมิได้จัดประเภทไว้ในที่อื่น,45,237.6
การจัดการน้ำเสีย,377,5688.1602
การเก็บรวบรวมของเสียที่ไม่เป็นอันตราย,442,8001.1771
การเก็บรวบรวมของเสียที่เป็นอันตราย,47,577.01
การบำบัดและการกำจัดของเสีย,0,0
การบำบัดและการกำจัดของเสียที่ไม่เป็นอันตราย,0,0
การบำบัดและการกำจัดของเสียที่ไม่เป็นอันตรายโดยการฝังกลบ อย่างถูกสุขอนามัย,102,6328.665745
การบำบัดและการกำจัดของเสียที่ไม่เป็นอันตรายโดยการเผาด้วยเตาเผาขยะ,79,3200.5643
การบำบัดและการกำจัดของเสียที่ไม่เป็นอันตรายโดยวิธีชีวภาพ,104,1555.71
การบำบัดและการกำจัดของเสียที่ไม่เป็นอันตรายโดยวิธีอื่นๆซึ่งมิได้จัดประเภทไว้ในที่อื่น,189,7154.088625
การบำบัดและการกำจัดกากสารกัมมันตรังสี,2,11
การบำบัดและการกำจัดของเสียที่เป็นอันตรายยกเว้นกากสารกัมมันตรังสี,60,1019.1
การนำวัสดุที่ใช้แล้วกลับมาใช้ใหม่,1129,13698.23155
กิจกรรมการบำบัดและการจัดบริการเก็บของเสียอื่นๆ,112,631.4
การก่อสร้างอาคาร,82,237.75
การก่อสร้างอาคารที่พักอาศัย,19801,179769.8853
การก่อสร้างอาคารที่ไม่ใช่ที่พักอาศัย,58384,459791.2528
งานวิศวกรรมโยธา,2,3
การก่อสร้างถนนและทางรถไฟ,1,1
การก่อสร้างถนนสะพานและอุโมงค์,3139,70678.15901
การก่อสร้างทางรถไฟและรถใต้ดิน,93,1865.6872
การก่อสร้างโครงการสาธารณูปโภค,8,9.7
การก่อสร้างโครงการสาธารณูปโภคเกี่ยวกับน้ำน้ำมันและก๊าซ,834,13407.67623
การก่อสร้างโครงการสาธารณูปโภคเกี่ยวกับสายส่งไฟฟ้ากำลังและสายสัญญาณสื่อสาร,1265,17547.66542
การก่อสร้างโครงการวิศวกรรรมโยธาอื่นๆ,12,318
การก่อสร้างระบบสาธารณูปโภคสิ่งอำนวยความสะดวก (ยกเว้นตัวอาคารของโรงงานอุตสาหกรรม) และโครงการวิศวกรรมโยธาอื่นๆที่เกี่ยวข้องในน้ำ,621,26722.16066
การก่อสร้างโครงการวิศวกรรมโยธาอื่นๆซึ่งมิได้จัดประเภทไว้ในที่อื่น,1667,54645.75038
งานก่อสร้างเฉพาะทาง,0,0
การรื้อถอนและการเตรียมสถานที่ก่อสร้าง,0,0
การรื้อถอน,309,1161.5
การเตรียมสถานที่ก่อสร้าง,2089,11805.7101
กิจกรรมการติดตั้งไฟฟ้าระบบท่อและสิ่งก่อสร้างอื่นๆ,1,1
การติดตั้งไฟฟ้า,13625,52603.47379
การติดตั้งระบบท่อระบบทำความร้อนและระบบปรับอากาศ,2,2
การติดตั้งระบบประปาและระบายน้ำ,1537,7194.279
การติดตั้งระบบทำความร้อน,200,1530.485179
การติดตั้งระบบระบายอากาศ,2817,6685.993838
การติดตั้งสิ่งก่อสร้างอื่นๆ,0,0
การติดตั้งฉนวน,200,473.906
การติดตั้งสิ่งก่อสร้างอื่นๆซึ่งมิได้จัดประเภทไว้ในที่อื่น,2024,11094.50539
การตกแต่งอาคารให้เสร็จสมบูรณ์,0,0
การติดตั้งส่วนประกอบอาคารและการตกแต่งภายใน,2977,7559.515219
การปูพื้นและผนัง,468,1351.72
การทาสี,358,1256.7
การตกแต่งอาคารให้เสร็จสมบูรณ์อื่นๆซึ่งมิได้จัดประเภทไว้ในที่อื่น,1144,2737.62
กิจกรรมการก่อสร้างเฉพาะด้านอื่นๆ,0,0
การก่อสร้างฐานรากรวมถึงการตอกเสาเข็ม,678,3907.821438
กิจกรรมการก่อสร้างเฉพาะด้านอื่นๆซึ่งมิได้จัดประเภทไว้ในที่อื่น,4298,21687.64627
การขายส่งการขายปลีกการซ่อมยานยนต์และจักรยานยนต์,1,0.72
การขายยานยนต์,1,10
การขายยานยนต์ใหม่ชนิดรถยนต์นั่งส่วนบุคคลรถกระบะรถตู้ และรถขนาดเล็กที่คล้ายกัน,4580,131709.2392
การขายยานยนต์ใหม่ชนิดรถบรรทุกและยานยนต์หนักอื่นๆ,455,18411.20859
การขายยานยนต์เก่าชนิดรถยนต์นั่งส่วนบุคคลรถกระบะรถตู้และรถขนาดเล็กที่คล้ายกัน,1800,8084.655
การขายยานยนต์เก่าชนิดรถบรรทุกและยานยนต์หนักอื่นๆ,121,1026.99
การบำรุงรักษาและการซ่อมยานยนต์,0,0
การบำรุงรักษาและการซ่อมระบบเครื่องยนต์และชิ้นส่วนยานยนต์,5311,15446.25536
การบำรุงรักษาและการซ่อมตัวถังประตูหน้าต่างและอื่นๆที่คล้ายกัน,1358,3308.5924
การบำรุงรักษายานยนต์ทั่วไป,1525,3726.6803
การขายชิ้นส่วนและอุปกรณ์เสริมของยานยนต์,0,0
การขายส่งชิ้นส่วนและอุปกรณ์เสริมใหม่ของยานยนต์,3586,47882.5191
การขายปลีกชิ้นส่วนและอุปกรณ์เสริมใหม่ของยานยนต์,6330,34557.00134
การขายส่งและขายปลีกชิ้นส่วนและอุปกรณ์เสริมเก่าของยานยนต์,749,2368.96
การขายการบำรุงรักษาและการซ่อมจักรยานยนต์ชิ้นส่วนและอุปกรณ์เสริมที่เกี่ยวเนื่อง,0,0
การขายจักรยานยนต์,2823,33684.19403
การขายส่งชิ้นส่วนและอุปกรณ์เสริมใหม่ของจักรยานยนต์,416,2048.499888
การขายปลีกชิ้นส่วนและอุปกรณ์เสริมใหม่ของจักรยานยนต์,621,1140.742142
การขายส่งและปลีกชิ้นส่วนและอุปกรณ์เสริมเก่าของจักรยานยนต์,61,650.4
การบำรุงรักษาและการซ่อมจักรยานยนต์,222,341.771
การขายส่งยกเว้นยานยนต์และจักรยานยนต์,0,0
การขายส่งโดยได้รับค่าตอบแทนหรือตามสัญญาจ้าง,0,0
การขายส่งวัตถุดิบทางการเกษตรและสัตว์มีชีวิตโดยได้รับค่าตอบแทนหรือตามสัญญาจ้าง,1430,8262.8123
การขายส่งอาหารเครื่องดื่มและยาสูบโดยได้รับค่าตอบแทนหรือตามสัญญาจ้าง,2211,7159.27209
การขายส่งสิ่งทอเสื้อผ้ารองเท้าเครื่องหนังและของใช้ในครัวเรือนโดยได้รับค่าตอบแทนหรือตามสัญญาจ้าง,2715,9728.116323
การขายส่งคอมพิวเตอร์และซอฟต์แวร์อุปกรณ์อิเล็กทรอนิกส์และเครื่องมือสื่อสารโดยได้รับค่าตอบแทนหรือตามสัญญาจ้าง,1407,16321.9844
การขายส่งเครื่องจักรอุตสาหกรรมโดยได้รับค่าตอบแทนหรือตามสัญญาจ้าง,1339,17300.8275
การขายส่งเชื้อเพลิงสินแร่โลหะโดยได้รับค่าตอบแทนหรือตามสัญญาจ้าง,373,13414.27543
การขายส่งวัสดุที่ใช้ในการก่อสร้างผลิตภัณฑ์โลหะอุปกรณ์ระบบท่อโดยได้รับค่าตอบแทนหรือตามสัญญาจ้าง,1322,9069.984387
การขายส่งสินค้าเฉพาะอย่างอื่นๆซึ่งมิได้จัดประเภทไว้ในที่อื่นโดยได้รับค่าตอบแทนหรือตามสัญญาจ้าง,896,5962.22088
การขายส่งสินค้าทั่วไปโดยได้รับค่าตอบแทนหรือตามสัญญาจ้าง,9096,30644.38948
การขายส่งวัตถุดิบทางการเกษตรและสัตว์มีชีวิต,1,1
การขายส่งข้าวเปลือกและธัญพืชอื่นๆ,2039,26023.71942
การขายส่งพืชน้ำมันที่ใช้ในการผลิตน้ำมันพืช,266,3718.344349
การขายส่งยาสูบที่ยังไม่เป็นผลิตภัณฑ์สำเร็จรูป,20,82.8
การขายส่งสัตว์มีชีวิต,822,5926.362
การขายส่งดอกไม้ต้นไม้และเมล็ดพันธุ์พืช,940,5283.90034
การขายส่งอาหารสัตว์,2070,84023.13074
การขายส่งวัตถุดิบอื่นๆทางการเกษตรซึ่งมิได้จัดประเภทไว้ในที่อื่น,4412,25017.70264
การขายส่งอาหารเครื่องดื่มและยาสูบ,0,0
การขายส่งอาหาร,1,0.3
การขายส่งเนื้อสัตว์และผลิตภัณฑ์เนื้อสัตว์,1510,8541.2166
การขายส่งปลาและผลิตภัณฑ์สัตว์น้ำ,1516,8697.040301
การขายส่งผักและผลไม้,4229,24581.77
การขายส่งผลิตภัณฑ์นม,763,3025.67
การขายส่งข้าวและผลิตภัณฑ์ที่ได้จากการโรงสีข้าว,1168,37774.87061
การขายส่งผลิตภัณฑ์ขนมอบไข่น้ำมันและไขมันที่ใช้ในการบริโภค,362,3525.2621
การขายส่งน้ำตาลช็อกโกแลตและลูกกวาด,195,4695.7126
การขายส่งกาแฟชาโกโก้,992,5231.969416
การขายส่งผลิตภัณฑ์อาหารอื่นๆซึ่งมิได้จัดประเภทไว้ในที่อื่น,5493,35630.8225
การขายส่งเครื่องดื่มและยาสูบ,0,0
การขายส่งเครื่องดื่มที่มีแอลกอฮอล์,1595,17123.86678
การขายส่งเครื่องดื่มที่ไม่มีแอลกอฮอล์,905,9122.204185
การขายส่งผลิตภัณฑ์ยาสูบ,236,9478.5365
การขายส่งสินค้าในครัวเรือน,0,0
การขายส่งสิ่งทอเสื้อผ้าและรองเท้า,0,0
การขายส่งด้ายและผ้า,1721,11282.6398
การขายส่งของใช้ในครัวเรือนที่ทำจากสิ่งทอ,519,4702.3485
การขายส่งอุปกรณ์ตัดเย็บ,65,240.1
การขายส่งเสื้อผ้า,2966,14126.76051
การขายส่งรองเท้า,287,2979.8935
การขายส่งเครื่องใช้ไฟฟ้าและอิเล็กทรอนิกส์ชนิดใช้ในครัวเรือน,0,0
การขายส่งเครื่องใช้ไฟฟ้าและอิเล็กทรอนิกส์ชนิดใช้ในครัวเรือน,3130,25123.27988
การขายส่งอุปกรณ์สำหรับให้แสงสว่าง,677,3446.2893
การขายส่งหนังสือหนังสือพิมพ์และเครื่องเขียน,1680,7790.6042
การขายส่งสื่อบันทึกเสียงและวีดิทัศน์ที่บันทึกข้อมูลแล้ว,89,1342.4
การขายส่งเครื่องกีฬา,915,4335.3381
การขายส่งเกมและของเล่น,564,1828.2462
การขายส่งสินค้าวัฒนธรรมและนันทนาการอื่นๆซึ่งมิได้จัดประเภทไว้ในที่อื่น,515,2094.2146
การขายส่งสินค้าทางเภสัชภัณฑ์และทางการแพทย์เครื่องหอมและเครื่องสำอาง,0,0
การขายส่งสินค้าทางเภสัชภัณฑ์และทางการแพทย์,7238,72815.11743
การขายส่งเครื่องหอม,345,2133.3739
การขายส่งเครื่องสำอาง,4998,19590.19636
การขายส่งสินค้าในครัวเรือนอื่นๆ,0,0
การขายส่งอุปกรณ์ถ่ายภาพและทัศนศาสตร์,247,2100.7962
การขายส่งนาฬิกาและเครื่องประดับ,2056,29361.08821
การขายส่งเครื่องหนังและเครื่องใช้สำหรับการเดินทาง,363,1455.001
การขายส่งเฟอร์นิเจอร์ชนิดใช้ในครัวเรือน,1559,11253.7829
การขายส่งเครื่องดินเผาเครื่องแก้วและเครื่องครัว,349,1567.71
การขายส่งสินค้าในครัวเรือนอื่นๆซึ่งมิได้จัดประเภทไว้ในที่อื่น,1872,8172.51398
การขายส่งเครื่องจักรอุปกรณ์และเครื่องมือเครื่องใช้ต่างๆ,0,0
การขายส่งคอมพิวเตอร์อุปกรณ์ต่อพ่วงคอมพิวเตอร์และซอฟต์แวร์,2827,22468.85389
การขายส่งอุปกรณ์และชิ้นส่วนทางอิเล็กทรอนิกส์และทางการสื่อสารโทรคมนาคม,1,0.5
การขายส่งอุปกรณ์และชิ้นส่วนอิเล็กทรอนิกส์,3169,30345.79585
การขายส่งโทรศัพท์และอุปกรณ์การสื่อสารโทรคมนาคม,1880,22771.58177
การขายส่งเครื่องจักรอุปกรณ์และเครื่องใช้ทางการเกษตร,2376,16199.9452
การขายส่งเครื่องจักรและอุปกรณ์อื่นๆ,0,0
การขายส่งอุปกรณ์ขนส่ง (ยกเว้นยานยนต์จักรยานยนต์และจักรยาน),720,6215.6199
การขายส่งเครื่องจักรและอุปกรณ์งานวิศวกรรมโยธางานเหมืองแร่และงานก่อสร้าง,1099,14374.65239
การขายส่งเครื่องจักรและอุปกรณ์เพื่อใช้ในงานอุตสาหกรรม,6572,30145.3817
การขายส่งเครื่องจักรอุปกรณ์และเฟอร์นิเจอร์ชนิดใช้ในสำนักงาน,931,4799.9622
การขายส่งเครื่องจักรและอุปกรณ์อื่นๆซึ่งมิได้จัดประเภทไว้ในที่อื่น,16727,135954.1065
การขายส่งสินค้าเฉพาะทางอื่นๆ,0,0
การขายส่งเชื้อเพลิงแข็งเชื้อเพลิงเหลวและเชื้อเพลิงก๊าซ รวมทั้งผลิตภัณฑ์ที่เกี่ยวเนื่อง,0,0
การขายส่งเชื้อเพลิงแข็ง,387,87853.88382
การขายส่งเชื้อเพลิงเหลว,1402,139102.7758
การขายส่งเชื้อเพลิงก๊าซ,368,6115.2115
การขายส่งผลิตภัณฑ์ที่ได้จากการกลั่นปิโตรเลียม,862,11379.77733
การขายส่งโลหะและสินแร่โลหะ,0,0
การขายส่งแร่โลหะที่เป็นเหล็กและนอกกลุ่มเหล็ก,725,7098.9873
การขายส่งเหล็กเหล็กกล้าและโลหะที่นอกกลุ่มเหล็กขั้นมูลฐาน,2713,58131.69929
การขายส่งวัสดุก่อสร้างเครื่องโลหะอุปกรณ์และเครื่องมือเครื่องใช้เกี่ยวกับการวางท่อและการทำความร้อน,0,0
การขายส่งอิฐหินปูนทรายและผลิตภัณฑ์คอนกรีต,1398,23310.51306
การขายส่งไม้และผลิตภัณฑ์จากไม้แปรรูปขั้นต้น,2061,17604.96554
การขายส่งสีทาน้ำมันชักเงาและแลกเกอร์,246,1780.37
การขายส่งอุปกรณ์การวางท่อและเครื่องสุขภัณฑ์,453,7566.6673
การขายส่งวัสดุก่อสร้างอื่นๆซึ่งมิได้จัดประเภทไว้ในที่อื่น,5656,56829.37329
การขายส่งของเสียและเศษวัสดุและผลิตภัณฑ์อื่นๆซึ่งมิได้ จัดประเภทไว้ในที่อื่น,0,0
การขายส่งเคมีภัณฑ์ทางอุตสาหกรรม,4913,59054.30615
การขายส่งปุ๋ยและเคมีภัณฑ์ทางการเกษตร,4389,17146.92806
การขายส่งยางพาราและพลาสติกขั้นต้น,1815,21430.2581
การขายส่งบรรจุภัณฑ์ชนิดใช้ในทางอุตสาหกรรม,1690,7172.682801
การขายส่งของเสียและเศษวัสดุเพื่อนำกลับมาใช้ใหม่,3301,24626.89016
การขายส่งสินค้าเกี่ยวกับอาวุธยุทโธปกรณ์,367,1408.15
การขายส่งผลิตภัณฑ์อื่นๆซึ่งมิได้จัดประเภทไว้ในที่อื่น,1267,12326.89189
การขายส่งสินค้าทั่วไป,9562,69165.86159
การขายปลีกยกเว้นยานยนต์และจักรยานยนต์,0,0
การขายปลีกในร้านค้าทั่วไป,0,0
การขายปลีกในร้านค้าทั่วไปที่มีอาหารเครื่องดื่มหรือยาสูบเป็นสินค้าหลัก,0,0
ซุปเปอร์มาร์เก็ต,937,11196.56218
ดิสเคาท์สโตร์/ซุปเปอร์เซ็นเตอร์/ไฮเปอร์มาร์เก็ต,280,12393.8051
ร้านสะดวกซื้อ/มินิมาร์ท,1356,23404.78206
ร้านขายของชำ,1138,3792.523539
การขายปลีกสินค้าอื่นๆในร้านค้าทั่วไป,11484,77885.78935
การขายปลีกอาหารเครื่องดื่มและยาสูบในร้านค้าเฉพาะ,1,1
การขายปลีกอาหารในร้านค้าเฉพาะ,0,0
ร้านขายปลีกเนื้อสัตว์และผลิตภัณฑ์เนื้อสัตว์,1083,8294.37795
ร้านขายปลีกปลาและผลิตภัณฑ์สัตว์น้ำ,595,1981.64
ร้านขายปลีกผักและผลไม้,981,3581.02963
ร้านขายปลีกข้าวและผลิตภัณฑ์ที่ได้จากการสีข้าว,370,2609.7983
ร้านขายปลีกผลิตภัณฑ์ขนมอบ,437,1284.0788
ร้านขายปลีกอาหารอื่นๆซึ่งมิได้จัดประเภทไว้ในที่อื่น,4925,15861.50354
การขายปลีกเครื่องดื่มในร้านค้าเฉพาะ,0,0
ร้านขายปลีกเครื่องดื่มที่มีแอลกอฮอล์,829,3208.6597
ร้านขายปลีกเครื่องดื่มที่ไม่มีแอลกอฮอล์,1701,4841.241905
การขายปลีกผลิตภัณฑ์ยาสูบในร้านค้าเฉพาะ,85,305.494
การขายปลีกเชื้อเพลิงยานยนต์ในร้านค้าเฉพาะ สถานี ปั๊ม,7959,50582.37849
การขายปลีกเครื่องมือสารสนเทศและการสื่อสารในร้านเฉพาะ,0,0
การขายปลีกคอมพิวเตอร์อุปกรณ์ต่อพ่วงซอฟต์แวร์ และอุปกรณ์การสื่อสารโทรคมนาคมในร้านค้าเฉพาะ,1,1
ร้านขายปลีกคอมพิวเตอร์และอุปกรณ์ต่อพ่วงคอมพิวเตอร์,4115,19098.97581
ร้านขายปลีกเครื่องเล่นวีดิโอเกมและซอฟต์แวร์สำเร็จรูป,560,2470.69323
ร้านขายปลีกอุปกรณ์การสื่อสารโทรคมนาคม,3805,24052.77296
การขายปลีกอุปกรณ์ที่เกี่ยวกับภาพและเสียงในร้านเฉพาะ,482,2041.65335
การขายปลีกสิ่งทอในร้านค้าเฉพาะ,0,0
การขายปลีกด้ายและผ้า,1025,3076.3055
ร้านขายปลีกของใช้ในครัวเรือนที่ทำจากสิ่งทอ,388,1346.6297
ร้านขายปลีกอุปกรณ์ตัดเย็บ,63,139.56
การขายปลีกเครื่องมือที่ทำจากโลหะสีและกระจกในร้านค้า เฉพาะ,0,0
ร้านขายปลีกเครื่องโลหะ,1128,6946.314
ร้านขายปลีกสีทาน้ำมันชักเงาและแลกเกอร์,448,1151.199065
ร้านขายปลีกอุปกรณ์การวางท่อและเครื่องสุขภัณฑ์,739,3688.0097
ร้านขายปลีกวัสดุก่อสร้างอื่นๆ,11068,65463.46072
ร้านขายปลีกวัสดุก่อสร้างหลายชนิดรวมถึงวัสดุอุปกรณ์และเครื่องมือชนิดนำไปใช้ทำงานได้ด้วยตัวเอง,4912,18703.58031
การขายปลีกพรมพรมหนาวัสดุปิดฝาผนังและปูพื้นในร้านค้าเฉพาะ,478,2267.28883
การขายปลีกเครื่องใช้ไฟฟ้าในครัวเรือนเฟอร์นิเจอร์อุปกรณ์ ไฟฟ้าแสงสว่างและของใช้ในครัวเรือนชนิดอื่นๆในร้านค้าเฉพาะ,1,1
ร้านขายปลีกเฟอร์นิเจอร์ชนิดใช้ในครัวเรือน,2238,17851.60515
ร้านขายปลีกเครื่องดินเผาเครื่องแก้วและเครื่องครัว,333,924.7352
ร้านขายปลีกอุปกรณ์ไฟฟ้าสำหรับให้แสงสว่าง,2032,7292.242136
ร้านขายปลีกอุปกรณ์เกี่ยวกับเครื่องดนตรี,314,916.6390107
ร้านขายปลีกเครื่องใช้ไฟฟ้าชนิดในครัวเรือน,4537,37534.59975
ร้านขายปลีกของใช้อื่นๆในครัวเรือนซึ่งมิได้จัดประเภทไว้ในที่อื่น,1145,7620.843973
การขายปลีกหนังสือหนังสือพิมพ์และเครื่องเขียนที่มีอยู่ในร้านค้าเฉพาะ,0,0
ร้านขายปลีกหนังสือหนังสือพิมพ์วารสารและนิตยสาร,635,3353.811929
ร้านขายปลีกเครื่องเขียนและเครื่องใช้สำนักงาน,3551,10192.20437
การขายปลีกสื่อบันทึกเสียงเพลงและสื่อบันทึกวีดิทัศน์ในร้านค้าเฉพาะ,73,451.25
การขายปลีกเครื่องกีฬาในร้านค้าเฉพาะ,1232,6409.079376
การขายปลีกเกมและของเล่นในร้านค้าเฉพาะ,505,1522.4926
ร้านขายปลีกผลิตภัณฑ์งานฝีมือคนไทยและของที่ระลึก,704,1845.798
ร้านขายปลีกสินค้าทางวัฒนธรรมและนันทนาการอื่นๆซึ่งมิได้ จัดประเภทไว้ในที่อื่น,76,265.15
การขายปลีกสินค้าอื่นๆในร้านค้าเฉพาะ,0,0
การขายปลีกเสื้อผ้ารองเท้าและเครื่องหนังในร้านค้าเฉพาะ,0,0
ร้านขายปลีกเสื้อผ้า,4457,27571.43909
ร้านขายปลีกรองเท้า,327,2816.836
ร้านขายปลีกเครื่องหนังยกเว้นรองเท้า,347,1701.0655
การขายปลีกสินค้าทางเภสัชภัณฑ์และทางการแพทย์เครื่องหอม เครื่องสำอางและผลิตภัณฑ์ที่ใช้ในห้องน้ำในร้านค้าเฉพาะ,0,0
ร้านขายปลีกสินค้าทางเภสัชภัณฑ์และเวชภัณฑ์,7624,51695.78232
ร้านขายปลีกเครื่องหอม,376,863.4563
ร้านขายปลีกเครื่องสำอาง,6078,18077.85741
การขายปลีกสินค้าใหม่อื่นๆในร้านค้าเฉพาะ,1,1
ร้านขายปลีกนาฬิกาแว่นตาและอุปกรณ์ถ่ายภาพ,852,7262.136
ร้านขายปลีกเครื่องประดับ,10076,86503.61239
ร้านขายปลีกดอกไม้ต้นไม้และอุปกรณ์ที่เกี่ยวข้อง,1451,6999.69346
ร้านขายปลีกสัตว์เลี้ยงและอุปกรณ์ที่เกี่ยวข้อง,1089,5306.04245
ร้านขายปลีกก๊าซและเชื้อเพลิงอื่นๆสำหรับใช้ในครัวเรือน,961,2738.397491
ร้านขายปลีกสินค้าใหม่อื่นๆซึ่งมิได้จัดประเภทไว้ในทื่อื่น,2748,8309.678277
การขายปลีกสินค้ามือสองในร้านค้าเฉพาะ,0,0
ร้านขายปลีกวัตถุโบราณ,136,331.1
ร้านขายปลีกเครื่องแต่งกายรองเท้าและเครื่องหนังที่ใช้แล้ว,272,736.2
ร้านขายปลีกคอมพิวเตอร์และอุปกรณ์สื่อสารโทรคมนาคมที่ใช้แล้ว,74,105.33
ร้านขายปลีกเครื่องใช้ไฟฟ้าและอิเล็กทรอนิกส์ชนิดใช้ในครัวเรือนที่ใช้แล้ว,80,136.7
ร้านขายปลีกหนังสือหนังสือพิมพ์วารสารและนิตยสารที่ใช้แล้ว,10,16.601
ร้านขายปลีกสินค้าใช้แล้วอื่นๆซึ่งมิได้จัดประเภทไว้ในที่อื่น,567,1893.998
การขายปลีกผลิตภัณฑ์อาหารเครื่องดื่มและยาสูบบนแผงลอยและตลาด,0,0
การขายปลีกผลิตภัณฑ์อาหารบนแผงลอยและตลาด,72,162.33
การขายปลีกเครื่องดื่มบนแผงลอยและตลาด,35,82.464
การขายปลีกผลิตภัณฑ์ยาสูบบนแผงลอยและตลาด,8,15.6
การขายปลีกสิ่งทอเสื้อผ้าและรองเท้าบนแผงลอยและตลาด,0,0
การขายปลีกสิ่งทอบนแผงลอยและตลาด,11,11.8
การขายปลีกเสื้อผ้ารองเท้าและเครื่องหนังบนแผงลอยและตลาด,125,889.41
การขายปลีกคอมพิวเตอร์และอุปกรณ์สื่อสารโทรคมนาคม บนแผงลอยและตลาด,139,233.29
การขายปลีกเครื่องใช้ไฟฟ้าและอิเล็กทรอนิกส์ชนิดใช้ในครัวเรือนบนแผงลอยและตลาด,212,1448.2633
การขายปลีกหนังสือหนังสือพิมพ์วารสารและนิตยสาร บนแผงลอยและตลาด,12,53.25
การขายปลีกสื่อบันทึกเสียงและภาพบนแผงลอยและตลาด,7,7
การขายปลีกสินค้าทางเภสัชภัณฑ์และเวชภัณฑ์ เครื่องหอมและเครื่องสำอางบนแผงลอยและตลาด,271,932.954
การขายปลีกนาฬิกาแว่นตาเครื่องเพชรพลอยบนแผงลอย และตลาด,73,211.75
การขายปลีกดอกไม้ต้นไม้สัตว์เลี้ยงและอาหารสำหรับสัตว์เลี้ยงบนแผงลอยและตลาด,67,121.965
การขายปลีกสินค้าอื่นๆซึ่งมิได้จัดประเภทไว้ในที่อื่นบนแผงลอยและตลาด,261,908.325
การขายปลีกที่ไม่ได้กระทำในร้านค้าแผงลอยหรือตลาด,0,0
การขายปลีกผ่านการสั่งซื้อทางไปรษณีย์หรือทางอินเทอร์เน็ต,2,5.3
การขายปลีกโดยการรับสั่งสินค้าทางไปรษณีย์โทรทัศน์วิทยุ และโทรศัพท์,240,4590.095601
การขายปลีกทางอินเทอร์เน็ต,10704,50727.8198
การขายปลีกโดยวิธีอื่นๆที่ไม่ได้กระทำในร้านค้าแผงลอยหรือ ตลาด,0,0
การขายตรง,1252,7319.40863
การขายปลีกโดยไม่มีร้านซึ่งมิได้จัดประเภทไว้ในที่อื่น,805,5953.324398
การขนส่งทางบกและการขนส่งทางท่อลำเลียง,0,0
การขนส่งทางรถไฟ,0,0
การขนส่งผู้โดยสารทางรถไฟระหว่างเมือง,11,15014.2
การขนส่งสินค้าทางรถไฟ,32,458.6
การขนส่งผู้โดยสารด้วยรถโดยสารประจำทาง,1,2
การขนส่งผู้โดยสารด้วยรถโดยสารประจำทางในกรุงเทพฯ และปริมณฑล,134,3859.255
การขนส่งผู้โดยสารทางรถโดยสารประจำทางระหว่างกรุงเทพฯ กับจังหวัดอื่น,33,854.7616
การขนส่งผู้โดยสารทางรถโดยสารประจำทางระหว่างจังหวัด,33,99.7
การขนส่งผู้โดยสารทางรถโดยสารประจำทางในชนบท,66,130.106
การขนส่งผู้โดยสารทางรถโดยสารประจำทางอื่นๆซึ่งมิได้จัดประเภทไว้ในที่อื่น,776,2520.064515
การขนส่งทางบกอื่นๆ,2,2.25
การขนส่งผู้โดยสารในเขตเมืองและปริมณฑลยกเว้นทางรถโดยสารประจำทาง,27,47993.78341
การขนส่งผู้โดยสารทางบกอื่นๆ,0,0
การขนส่งผู้โดยสารโดยรถยนต์รับจ้าง/แท็กซี่,344,1174.090999
การขนส่งผู้โดยสารโดยรถสามล้อเครื่องและจักรยานยนต์รับจ้าง,14,79.61
การขนส่งและขนถ่ายสินค้า รวมถึงคนโดยสาร,16029,69221.3183
การขนส่งผู้โดยสารทางบกอื่นๆซึ่งมิได้จัดประเภทไว้ในที่อื่น,2906,11273.45499
การขนส่งสินค้าทางถนน,2,2
การขนส่งสินค้าแช่เย็นหรือแช่แข็งทางถนน,391,1521.1276
การขนส่งผลิตภัณฑ์ปิโตรเลียมทางถนน,284,3411.0896
การขนส่งของเหลวหรือก๊าซ (ยกเว้นก๊าซธรรมชาติ) ทางถนน,62,268.6
การขนส่งสินค้าที่บรรจุในตู้คอนเทนเนอร์ทางถนน,639,2547.509999
การขนส่งสินค้าอื่นๆทางถนนซึ่งมิได้จัดประเภทไว้ในที่อื่น,9144,59696.82215
การขนส่งทางระบบท่อลำเลียง,19,29436.6
การขนส่งทางน้ำ,0,0
การขนส่งทางทะเลและตามแนวชายฝั่งทะเล,0,0
การขนส่งผู้โดยสารทางทะเลและตามแนวชายฝั่งทะเล,0,0
การขนส่งผู้โดยสารทางทะเลและตามแนวชายฝั่งทะเลโดยเรือโดยสารข้ามฟาก,13,477.5
การขนส่งผู้โดยสารทางทะเลและตามแนวชายฝั่งทะเลโดยเรือท่องเที่ยวหรือเรือโดยสารทัศนาจรขนาดใหญ่,112,416.032
การขนส่งผู้โดยสารทางทะเลและตามแนวชายฝั่งทะเลโดยเรืออื่นๆซึ่งมิได้จัดประเภทไว้ในที่อื่น,49,615.6
การขนส่งสินค้าทางทะเลและตามแนวชายฝั่งทะเล,0,0
การขนส่งสินค้าทางทะเลและตามแนวชายฝั่งทะเล,304,23842.60059
การบริการลากจูงและดัน เรือลำเลียง/สิ่งก่อสร้างลอยน้ำ ที่ดำเนินการทางทะเลและตามแนวชายฝั่งทะเล,20,45.3
การขนส่งทางน้ำภายในประเทศ,0,0
การขนส่งผู้โดยสารทางน้ำภายในประเทศ,0,0
การขนส่งผู้โดยสารทางน้ำภายในประเทศโดยเรือโดยสารข้ามฟาก,20,649.038
การขนส่งผู้โดยสารทางน้ำภายในประเทศโดยเรือทัศนาจรหรือเรือสำราญกีฬา,105,452.4
การขนส่งผู้โดยสารทางน้ำภายในประเทศโดยเรืออื่นๆซึ่งมิได้จัดประเภทไว้ในที่อื่น,43,2215.620229
การขนส่งทางน้ำภายในประเทศ,186,9121.4241
การบริการลากจูงหรือการดัน เรือลำเลียง และสิ่งก่อสร้างลอยน้ำที่ดำเนินการทางน้ำภายในประเทศ,27,305
การขนส่งทางอากาศ,0,0
การขนส่งผู้โดยสารทางอากาศ,1,1
การขนส่งผู้โดยสารทางอากาศที่มีตารางเวลา,70,51763.52703
การขนส่งผู้โดยสารทางอากาศที่ไม่มีตารางเวลา,33,4746.39
การขนส่งสินค้าทางอากาศ,0,0
การขนส่งสินค้าทางอากาศที่มีตารางเวลา,87,3770.7963
การขนส่งสินค้าทางอากาศที่ไม่มีตารางเวลา,68,208.35
กิจกรรมที่เกี่ยวกับคลังสินค้าและกิจกรรมสนับสนุนการขนส่ง,0,0
กิจกรรมที่เกี่ยวกับคลังสินค้าและการจัดเก็บสินค้า,0,0
กิจกรรมที่เกี่ยวกับคลังสินค้าและการจัดเก็บสินค้าแช่เย็นหรือแช่แข็ง,222,14275.62
กิจกรรมที่เกี่ยวกับคลังสินค้าและการจัดเก็บสินค้าธัญพืช,41,1139
กิจกรรมที่เกี่ยวกับคลังสินค้าและการจัดเก็บสินค้าอื่นๆซึ่งมิได้จัดประเภทไว้ในที่อื่น,711,43141.29278
กิจกรรมสนับสนุนการขนส่ง,0,0
กิจกรรมบริการต่างๆสำหรับการขนส่งทางบก,0,0
กิจกรรมการบริการสำหรับการขนส่งทางรถไฟ,6,24.005
กิจกรรมการบริการสถานีรถโดยสาร,56,137.02
กิจกรรมการบริการสถานที่จอดยานพาหนะ,135,1894.0184
กิจกรรมการบริการรถยก,438,688.32
กิจกรรมการบริการอื่นๆที่สนับสนุนการขนส่งทางบก ซึ่งมิได้จัดประเภทไว้ในที่อื่น,162,35212.66056
กิจกรรมบริการต่างๆสำหรับการขนส่งทางน้ำ,0,0
กิจกรรมการดำเนินงานเกี่ยวกับสิ่งอำนวยความสะดวกของท่าเรือ (ยกเว้นการขนถ่ายสินค้า),162,94524.54116
กิจกรรมการบริการต่าง ๆ สำหรับการขนส่งทางน้ำ ซึ่งมิได้จัดประเภทไว้ในที่อื่น,112,2528.565
กิจกรรมการดำเนินงานของสนามบิน (ยกเว้นการขนถ่ายสินค้า),71,33188.81006
กิจกรรมการบริการอื่นๆที่สนับสนุนการขนส่งทางอากาศซึ่งมิได้จัดประเภทไว้ในที่อื่น,57,4589.416
การขนถ่ายสินค้า,0,0
การขนถ่ายสินค้า,698,10845.54854
การขนถ่ายสัมภาระ,17,130.58109
กิจกรรมอื่น ๆ ที่สนับสนุนการขนส่ง,0,0
กิจกรรมการบริหารจัดการด้านการขนส่งและสถานที่เก็บสินค้า,1702,33808.89095
กิจกรรมของตัวแทนผู้รับจัดการขนส่งสินค้าและตัวแทนออกของ (ตัวแทนดำเนินพิธีการศุลกากร),5610,25310.69043
กิจกรรมบริการบรรจุหีบห่อเพื่อการขนส่ง,351,2348.37816
กิจกรรมอื่น ๆ ที่สนับสนุนการขนส่งซึ่งมิได้จัดประเภทไว้ในที่อื่น,212,10664.44531
กิจกรรมไปรษณีย์และการรับส่งเอกสาร/สิ่งของ,0,0
กิจกรรมไปรษณีย์,53,1315.42
กิจกรรมการรับส่งเอกสาร/สิ่งของ,1353,9168.20085
ที่พักแรม,0,0
ที่พักแรมระยะสั้น,0,0
โรงแรม รีสอร์ทและห้องชุด,13463,709709.4017
เกสต์เฮ้าส์,555,2513.0186
ที่พักสัมผัสวัฒนธรรมชนบท,107,259.7862
กิจกรรมที่พักแรมระยะสั้นอื่น ๆ ซึ่งมิได้จัดประเภทไว้ในที่อื่น,825,10257.9736
ลานตั้งค่ายพักแรม ที่จอดรถพ่วงและที่ตั้งที่พักแบบเคลื่อนที่,43,96.985
ที่พักแรมประเภทอื่นๆ,0,0
การบริการห้องพักหรือที่พักอาศัยสำหรับนักเรียน/นักศึกษา,315,1564.0133
การบริการที่พักแรมประเภทอื่นๆซึ่งมิได้จัดประเภทไว้ในที่อื่น,649,3993.219589
การบริการด้านอาหารและเครื่องดื่ม,0,0
การบริการด้านอาหารในภัตตาคารและร้านอาหารแบบเคลื่อนที่,0,0
การบริการด้านอาหารในภัตตาคาร/ร้านอาหาร,27230,308447.4676
การบริการด้านอาหารบนแผงลอยและตลาด,89,181.222
การบริการด้านอาหารโดยร้านอาหารแบบเคลื่อนที่,77,167.455
การบริการด้านการจัดเลี้ยงและบริการอาหารประเภทอื่นๆ,0,0
การบริการด้านการจัดเลี้ยง,761,1979.92888
การบริการด้านอาหารประเภทอื่นๆ,0,0
การบริการอาหารสำหรับกิจการขนส่ง,40,2949.55
การดำเนินงานของโรงอาหาร,129,201.19
การบริการด้านอาหารอื่นๆซึ่งมิได้จัดประเภทไว้ในที่อื่น,357,2156.2251
การบริการเครื่องดื่ม,0,0
การบริการด้านเครื่องดื่มที่มีแอลกอฮอล์เป็นหลักในร้าน,982,13300.22556
การบริการด้านเครื่องดื่มที่ไม่มีแอลกอฮอล์เป็นหลักในร้าน,2395,10555.44335
การบริการด้านเครื่องดื่มบนแผงลอยและตลาด,13,48.42
การบริการด้านเครื่องดื่มโดยร้านเคลื่อนที่,18,35.3
การจัดพิมพ์จำหน่ายหรือเผยแพร่หนังสือนิตยสารและอื่นๆ,0,0
การจัดพิมพ์จำหน่ายหรือเผยแพร่ตำราเรียนพจนานุกรมและสารานุกรมลงบนสื่อต่างๆ (ยกเว้นทางออนไลน์),260,1843.263591
การจัดพิมพ์จำหน่ายหรือเผยแพร่โบรชัวร์ใบปลิวและสิ่งพิมพ์อื่นๆที่คล้ายกันลงบนสื่อต่างๆ (ยกเว้นทางออนไลน์),369,2236.107406
การจัดพิมพ์จำหน่ายหรือเผยแพร่หนังสือออนไลน์,145,719.66962
กิจกรรมการดูแลสิทธิในการผลิตซ้ำหนังสือเพื่อจำหน่ายหรือเผยแพร่,5,5
การจัดพิมพ์จำหน่ายหรือเผยแพร่นามานุกรมและที่อยู่ทางไปรษณีย์ลงบนสื่อต่างๆ (ยกเว้นทางออนไลน์),1,1
การจัดพิมพ์จำหน่ายหรือเผยแพร่นามานุกรมและที่อยู่ ทางไปรษณีย์ผ่านทางออนไลน์,1,1
การจัดพิมพ์จำหน่ายหรือเผยแพร่หนังสือพิมพ์ วารสารและนิตยสาร,0,0
การจัดพิมพ์จำหน่ายหรือเผยแพร่หนังสือพิมพ์ลงบนสื่อต่างๆ (ยกเว้นทางออนไลน์),87,4626.68
การจัดพิมพ์จำหน่ายหรือเผยแพร่วารสารและนิตยสารลงบนสื่อต่างๆ (ยกเว้นทางออนไลน์),75,637.353
การจัดพิมพ์จำหน่ายหรือเผยแพร่หนังสือพิมพ์วารสารและนิตยสารออนไลน์,59,125.351
กิจกรรมการดูแลสิทธิในการผลิตซ้ำหนังสือพิมพ์วารสารและนิตยสารเพื่อจำหน่ายหรือเผยแพร่,6,10
การจัดพิมพ์จำหน่ายหรือเผยแพร่งานอื่นๆ,0,0
การจัดพิมพ์จำหน่ายหรือเผยแพร่งานอื่นๆลงบนสื่อต่างๆ (ยกเว้นทางออนไลน์),162,548.5138
การจัดพิมพ์จำหน่ายหรือเผยแพร่งานอื่นๆผ่านทางออนไลน์,404,1507.441
กิจกรรมการดูแลสิทธิในการผลิตซ้ำงานอื่นๆเพื่อจำหน่ายหรือเผยแพร่,22,44.1
การจัดทำซอฟต์แวร์,0,0
การจัดทำซอฟต์แวร์เกมสำเร็จรูป,313,1213.69866
การจัดทำซอฟต์แวร์สำเร็จรูป (ยกเว้นซอฟต์แวร์เกมสำเร็จรูป),2600,13640.11623
กิจกรรมการดูแลสิทธิในการผลิตซ้ำซอฟต์แวร์สำเร็จรูป เพื่อจำหน่ายหรือเผยแพร่,50,270.34
กิจกรรมการผลิตภาพยนตร์วีดิทัศน์และรายการโทรทัศน์การบันทึกเสียงและการจัดพิมพ์จำหน่ายหรือเผยแพร่ดนตรี,0,0
กิจกรรมที่เกี่ยวข้องกับภาพยนตร์วีดิทัศน์และรายการโทรทัศน์,0,0
กิจกรรมการผลิตภาพยนตร์วีดิทัศน์และรายการโทรทัศน์,1,1
กิจกรรมการผลิตภาพยนตร์และวีดิทัศน์,1557,8008.10384
กิจกรรมการผลิตรายการโทรทัศน์,1500,26827.75885
กิจกรรมหลังการถ่ายทำภาพยนตร์วีดิทัศน์และรายการโทรทัศน์,0,0
การบริการตัดต่อภาพและเสียง,262,816.461
การบริการทำคอมพิวเตอร์กราฟฟิกแอนิเมชั่นและเทคนิคพิเศษ,303,1865.215738
กิจกรรมภายหลังการผลิตภาพยนตร์วิดีทัศน์และรายการโทรทัศน์อื่นๆซึ่งมิได้จัดประเภทไว้ในที่อื่น,68,228.9928
กิจกรรมการเผยแพร่ภาพยนตร์วีดิทัศน์และรายการโทรทัศน์,1,2
กิจกรรมการเผยแพร่ภาพยนตร์วีดิทัศน์และรายการโทรทัศน์,109,1004.755004
กิจกรรมการดูแลสิทธิในการผลิตซ้ำภาพยนตร์วีดิทัศน์และรายการโทรทัศน์เพื่อจำหน่ายหรือเผยแพร่,36,2859.455125
กิจกรรมด้านการจัดฉายภาพยนตร์,61,3242.369877
กิจกรรมการบันทึกเสียงลงบนสื่อ,159,607.5
กิจกรรมการจัดพิมพ์จำหน่ายหรือเผยแพร่ดนตรี,81,2040.967829
กิจกรรมการดูแลสิทธิในการผลิตซ้ำดนตรีเพื่อจำหน่ายหรือเผยแพร่,60,1706.736
การออกอากาศทางวิทยุกระจายเสียง,0,0
การออกอากาศทางวิทยุกระจายเสียง (ยกเว้นทางออนไลน์),2192,8311.9023
การออกอากาศทางวิทยุกระจายเสียงผ่านทางออนไลน์,84,169.05
การจัดผังรายการและการออกอากาศทางโทรทัศน์,0,0
การจัดผังรายการและการออกอากาศทางโทรทัศน์โดยไม่ต้องสมัครสมาชิก (ยกเว้นทางออนไลน์),59,8291.15
การจัดผังรายการและการออกอากาศทางโทรทัศน์โดยสมัครสมาชิก (ยกเว้นทางออนไลน์),27,1494.43
การจัดผังรายการและการออกอากาศทางโทรทัศน์ผ่านทางออนไลน์,61,1237.42
การโทรคมนาคม,0,0
กิจกรรมการโทรคมนาคมแบบใช้สาย,0,0
การบริการอินเทอร์เน็ตแบบใช้สายและไร้สาย,573,21219.01631
การบริการจัดส่งสัญญาณโทรทัศน์/วิทยุผ่านสายเคเบิล,204,29227.87945
กิจกรรมการโทรคมนาคมแบบใช้สายอื่นๆซึ่งมิได้จัดประเภทไว้ในที่อื่น,115,150885.234
กิจกรรมการโทรคมนาคมแบบไร้สาย,0,0
การบริการระบบโทรศัพท์เคลื่อนที่,174,23810.2388
การบริการอินเทอร์เน็ตแบบไร้สาย,47,214.6
กิจกรรมการโทรคมนาคมแบบไร้สายอื่นๆซึ่งมิได้จัดประเภทไว้ในที่อื่น,91,634.05
การบริการจัดส่งสัญญาณรายการโทรทัศน์/วิทยุผ่านดาวเทียม,32,993
กิจกรรมการโทรคมนาคมผ่านดาวเทียม (ยกเว้นการบริการจัดส่งสัญญาณรายการโทรทัศน์/วิทยุผ่านดาวเทียม),37,6847.60761
กิจกรรมการโทรคมนาคมด้านอื่นๆ,348,8288.805252
กิจกรรมการจัดทำโปรแกรมคอมพิวเตอร์การให้คำปรึกษาเกี่ยวกับคอมพิวเตอร์และกิจกรรมที่เกี่ยวข้อง,0,0
กิจกรรมการจัดทำโปรแกรมคอมพิวเตอร์ตามวัตถุประสงค์ของผู้ใช้,0,0
กิจกรรมการจัดทำโปรแกรมเว็บเพจและเครือข่ายตามวัตถุประสงค์ของผู้ใช้,2873,11610.59061
กิจกรรมการจัดทำโปรแกรมคอมพิวเตอร์ตามวัตถุประสงค์ของผู้ใช้ (ยกเว้นโปรแกรมเว็บเพจและเครือข่าย),3839,296290.6472
กิจกรรมการให้คำปรึกษาเกี่ยวกับคอมพิวเตอร์และการจัดการสิ่งอำนวยความสะดวกด้านคอมพิวเตอร์,0,0
กิจกรรมการให้คำปรึกษาทางด้านฮาร์ดแวร์,641,3283.140904
กิจกรรมการให้คำปรึกษาทางด้านซอฟต์แวร์,2607,17070.87367
กิจกรรมการจัดการสิ่งอำนวยความสะดวกด้านคอมพิวเตอร์,1246,8429.887178
กิจกรรมการบริการเทคโนโลยีสารสนเทศและคอมพิวเตอร์อื่นๆ,2065,28872.16917
กิจกรรมการบริการสารสนเทศ,0,0
การประมวลผลข้อมูลการสร้างแม่ข่ายและกิจกรรมที่เกี่ยวข้อง,0,0
กิจกรรมการบริหารจัดการและประมวลผลข้อมูล,515,36428.06827
กิจกรรมการสร้างแม่ข่าย,514,115931.0375
การบริการเป็นตลาดกลางในการซื้อขายสินค้าหรือบริการ โดยวิธีใช้สื่ออิเล็กทรอนิกส์ผ่านระบบเครือข่ายอินเทอร์เน็ต,1228,16920.41226
เวบท่า,70,7247.144
กิจกรรมการบริการสารสนเทศอื่นๆ,0,0
กิจกรรมสำนักข่าว,0,0
กิจกรรมสำนักข่าวสื่อสิ่งพิมพ์,63,315.2
กิจกรรมสำนักข่าวสื่อโสตทัศน์,57,284.1
กิจกรรมบริการสารสนเทศอื่นๆซึ่งมิได้จัดประเภทไว้ในที่อื่น,257,5460.29856
กิจกรรมบริการทางการเงิน ยกเว้น การประกันภัยและกองทุนบำเหน็จบำนาญ,1,1
ตัวกลางทางการเงิน,0,0
ธนาคารกลาง,1,10
ตัวกลางทางการเงินอื่นๆ,0,0
ธนาคารพาณิชย์,19,545515.5988
บริษัทเงินทุน,19,1621.25
บริษัทเครดิตฟองซิเอร์,4,656.91372
ธนาคารเฉพาะกิจ,0,0
สหกรณ์ที่เป็นตัวกลางทางการเงิน,5,16.874
กิจกรรมของบริษัทโฮลดิ้ง,0,0
กิจกรรมของบริษัทโฮลดิ้งที่ลงทุนในธุรกิจการเงินเป็นหลัก,775,288173.47
กิจกรรมของบริษัทโฮลดิ้งที่ไม่ได้ลงทุนในธุรกิจการเงินเป็นหลัก,6199,3301767.388
กองทุน,37,2391.290751
ทรัสต์,18,375
กิจกรรมทางการเงินอื่นๆซึ่งมิได้จัดประเภทไว้ในที่อื่น,215,68931.702
สัญญาเช่าทางการเงิน,0,0
สัญญาเช่าทางการเงินสำหรับยานยนต์,339,183388.0843
สัญญาเช่าทางการเงินสำหรับเครื่องจักรและอุปกรณ์เพื่อ การดำเนินธุรกิจ,33,17409.27224
สัญญาเช่าทางการเงินสำหรับสินค้าอุปโภค (ยกเว้นยานยนต์และ จักรยานยนต์),54,15062.19912
การให้สินเชื่อประเภทอื่นๆ,0,0
การให้สินเชื่อเพื่อการค้าและการลงทุน,327,46575.4187
การให้สินเชื่อเพื่อการอุปโภคบริโภค,212,27162.59971
การให้สินเชื่อเพื่อการซื้อที่อยู่อาศัย,17,74.5
การให้สินเชื่อบัตรเครดิต,20,45977.85407
การบริการของโรงรับจำนำ,568,6982.93323
การให้สินเชื่ออื่นๆซึ่งมิได้จัดประเภทไว้ในที่อื่น,2140,117834.2797
กิจกรรมการให้เงินทุนนอกเหนือจากการให้กู้ยืมเงิน,288,14643.92654
กิจกรรมการลงทุนที่เป็นกิจกรรมของตนเอง,496,122631.8841
กิจกรรมบริการทางการเงินอื่นๆ (ยกเว้นกิจกรรมการประกันภัย และกองทุนบำเหน็จบำนาญ) ซึ่งมิได้จัดประเภทไว้ในที่อื่น,722,77915.38832
การประกันภัยการประกันภัยต่อและกองทุนบำเหน็จบำนาญ ยกเว้นการประกันสังคมภาคบังคับ,0,0
การประกันภัย,0,0
การประกันชีวิต,107,112672.692
การประกันวินาศภัย,108,47372.35598
การประกันภัยต่อ,14,4347.544572
กองทุนบำเหน็จบำนาญ (ผลประโยชน์ ตอบแทนเพื่อการเกษียณอายุหรือการชราภาพ),4,4.2
การบริหารงานด้านตลาดการเงิน,0,0
การบริหารงานตลาดเงินและตลาดทุน,52,3266.82519
การบริหารงานตลาดอนุพันธ์,6,1287
การบริการควบคุมดูแลการบริหารงานตลาดการเงิน,19,451.1
กิจกรรมนายหน้าซื้อขายหลักทรัพย์และตราสารอนุพันธ์,1,3.5
กิจกรรมนายหน้าซื้อขายหลักทรัพย์,197,63426.99385
กิจกรรมนายหน้าซื้อขายตราสารอนุพันธ์,20,593.7
กิจกรรมเกี่ยวกับแลกเปลี่ยนเงินตราต่างประเทศ,2065,35916.0487
กิจกรรมอื่นๆที่สนับสนุนกิจกรรมบริการทางการเงิน,0,0
บริการที่ปรึกษาการลงทุน,845,7936.566557
กิจกรรมการประมวลผลและการเรียกชำระเงินสำหรับธุรกรรม ทางการเงิน,181,22074.24482
บริการดูแลและรักษาหลักทรัพย์,120,3171.7405
กิจกรรมอื่นๆที่ช่วยเสริมกิจกรรมการให้บริการทางการเงิน ซึ่งมิได้จัดประเภทไว้ในที่อื่น,1768,34000.09132
การประเมินความเสี่ยงภัยและมูลค่าความเสียหาย,666,910.2898
กิจกรรมของตัวแทนและนายหน้าประกันภัย,0,0
กิจกรรมของตัวแทนและนายหน้าประกันชีวิต,923,3371.5301
กิจกรรมของตัวแทนและนายหน้าประกันวินาศภัย,774,9806.608577
กิจกรรมอื่นๆที่สนับสนุนการประกันภัยและกองทุนบำเหน็จ บำนาญ,74,330.8432
กิจกรรมการจัดการหลักทรัพย์การลงทุนและกองทุน (ยกเว้น กองทุนบำเหน็จบำนาญ),150,18330.54654
กิจกรรมการจัดการกองทุนบำเหน็จบำนาญ,1,1
กิจกรรมเกี่ยวกับอสังหาริมทรัพย์,1,137
กิจกรรมเกี่ยวกับอสังหาริมทรัพย์ที่เป็นของตนเองหรือเช่าจาก ผู้อื่น,2,41
การซื้อและการขายอสังหาริมทรัพย์ที่เป็นของตนเอง เพื่อการพักอาศัย,15852,550910.3883
การซื้อและการขายอสังหาริมทรัพย์ที่เป็นของตนเองที่ไม่ใช่ เพื่อเป็นที่พักอาศัย,29832,1079063.935
การเช่าและการดำเนินการเกี่ยวกับอสังหาริมทรัพย์ที่เป็น ของตนเองหรือเช่าจากผู้อื่นเพื่อเป็นที่พักอาศัย,17160,281921.7481
การเช่าและการดำเนินการเกี่ยวกับอสังหาริมทรัพย์ที่เป็นของ ตนเองหรือเช่าจากผู้อื่นที่ไม่ใช่เพื่อเป็นที่พักอาศัย,16449,1106117.99
กิจกรรมเกี่ยวกับอสังหาริมทรัพย์ที่กระทำโดยได้รับค่าตอบแทน หรือตามสัญญาจ้าง,1,2
กิจกรรมของตัวแทนและนายหน้าอสังหาริมทรัพย์โดยได้รับ ค่าตอบแทนหรือตามสัญญาจ้าง,10966,66906.73631
กิจกรรมบริการอื่นๆที่เกี่ยวกับอสังหาริมทรัพย์โดยได้รับ ค่าตอบแทนหรือตามสัญญาจ้าง,3599,39627.2982
กิจกรรมทางกฎหมายและบัญชี,1,1
กิจกรรมทางกฎหมาย,7251,16591.5367
กิจกรรมเกี่ยวกับบัญชีการทำบัญชีและการตรวจสอบบัญชี การให้คำปรึกษาด้านภาษี,13388,14326.75516
กิจกรรมของสำนักงานใหญ่กิจกรรมการให้คำปรึกษาด้าน การบริหารจัดการ ตัวแทนธุรกิจการค้าระหว่างประเทศ,0,0
กิจกรรมของสำนักงานใหญ่,254,14144.5809
สำนักงานผู้แทนนิติบุคคลระหว่างประเทศ,181,9388.115969
สำนักงานภูมิภาคของบริษัทข้ามชาติ,22,8190.71
สำนักงานปฏิบัติการภูมิภาค,345,22510.35969
กิจกรรมการให้คำปรึกษาด้านการบริหารจัดการ,4,3.5
กิจกรรมให้คำปรึกษาด้านการสื่อสารประชาสัมพันธ์,506,1973.187818
กิจกรรมให้คำปรึกษาด้านการบริหารจัดการการเงิน,1698,19483.45342
กิจกรรมให้คำปรึกษาด้านการบริหารจัดการอื่นๆซึ่งมิได้จัด ประเภทไว้ในที่อื่น,19353,351477.0447
ตัวแทนธุรกิจการค้าระหว่างประเทศ,0,0
กิจกรรมงานสถาปัตยกรรมและวิศวกรรมและการให้คำปรึกษา ทางด้านเทคนิคที่เกี่ยวข้อง,0,0
กิจกรรมงานสถาปัตยกรรมและการให้คำปรึกษาที่เกี่ยวข้อง,4106,13035.36402
กิจกรรมงานวิศวกรรมและการให้คำปรึกษาทางด้านเทคนิค ที่เกี่ยวข้อง,7321,65555.02521
กิจกรรมงานธรณีฟิสิกส์ธรณีวิทยาและการให้คำปรึกษาที่ เกี่ยวข้อง,286,8365.98
การทดสอบและการวิเคราะห์ทางเทคนิค,0,0
การทดสอบและวิเคราะห์การปฏิบัติการทางกายภาพและเคมี,382,11282.7142
การตรวจสภาพยานยนต์ทางเทคนิค,847,1339.9488
การทดสอบและวิเคราะห์ทางเทคนิคอื่นๆซึ่งมิได้จัดประเภท ไว้ในที่อื่น,486,2910.0902
การวิจัยและพัฒนาเชิงทดลองด้านวิทยาศาสตร์ธรรมชาติ และวิศวกรรม,0,0
การวิจัยและพัฒนาเชิงทดลองด้านวิทยาศาสตร์ธรรมชาติ,287,3130.4953
การวิจัยและพัฒนาเชิงทดลองด้านเทคโนโลยีชีวภาพ,412,13734.64726
การวิจัยและพัฒนาเชิงทดลองด้านวิศวกรรมและเทคโนโลยีอื่นๆ ซึ่งมิได้จัดประเภทไว้ในที่อื่น,826,47940.1755
การวิจัยและพัฒนาเชิงทดลองด้านสังคมศาสตร์และมนุษยศาสตร์,77,124.41517
การโฆษณาและการวิจัยตลาด,0,0
การโฆษณา,1,1
กิจกรรมของบริษัทโฆษณา,12650,84954.7585
กิจกรรมของตัวแทนขายสื่อโฆษณา,1140,9525.32176
การวิจัยตลาดและการสำรวจความคิดเห็นของประชาชน (ประชามติ),338,1195.102935
กิจกรรมทางวิชาชีพวิทยาศาสตร์และเทคนิคอื่นๆ,0,0
กิจกรรมการออกแบบเฉพาะด้าน,0,0
กิจกรรมการออกแบบและตกแต่งภายใน,6177,15782.70803
กิจกรรมการออกแบบเฉพาะด้านอื่นๆซึ่งมิได้จัดประเภทไว้ ในที่อื่น,2117,5401.83012
กิจกรรมการถ่ายภาพ,1068,2260.606217
กิจกรรมทางวิชาชีพวิทยาศาสตร์และเทคนิคอื่นๆซึ่งมิได้ จัดประเภทไว้ในที่อื่น,0,0
กิจกรรมการแปลการแปลความหมายและล่าม,560,1304.26645
กิจกรรมการให้คำปรึกษาด้านสิ่งแวดล้อม,452,1880.60115
กิจกรรมทางวิชาชีพวิทยาศาสตร์และเทคนิคอื่นๆซึ่งมิได้ จัดประเภทไว้ในที่อื่น,473,21369.8085
กิจกรรมเกี่ยวกับสัตวแพทย์,771,2411.329051
กิจกรรมการให้เช่าและให้เช่าแบบลีสซิ่ง,0,0
การให้เช่าและให้เช่าแบบลีสซิ่งยานยนต์,0,0
การให้เช่าและให้เช่าแบบลิสซิ่งยานยนต์ชนิดนั่งส่วนบุคคล รถกระบะรถตู้และรถขนาดเล็กที่คล้ายกัน,2595,41527.94407
การให้เช่าและให้เช่าแบบลิสซิ่งยานยนต์ชนิดรถบรรทุก และยานยนต์หนักอื่นๆ,416,5861.652473
การให้เช่าและให้เช่าแบบลีสซิ่งของใช้ส่วนบุคคลและเครื่องใช้ใน ครัวเรือน,0,0
การให้เช่าและให้เช่าแบบลีสซิ่งสินค้าเพื่อการนันทนาการและการกีฬา,243,934.63
การให้เช่าแถบวีดิทัศน์และแผ่นดิสก์,32,127.9
การให้เช่าและให้เช่าแบบลิสซิ่งของใช้ส่วนบุคคลและเครื่องใช้ ในครัวเรือนอื่นๆ,0,0
การให้เช่าหนังสือ,3,17
การให้เช่าของใช้ส่วนบุคคลและของใช้ในครัวเรือนอื่นๆ ซึ่งมิได้จัดประเภทไว้ในที่อื่น,870,14675.6366
การให้เช่าและให้เช่าแบบลีสซิ่งเครื่องจักรอุปกรณ์และสินค้า ที่จับต้องได้อื่นๆ,0,0
การให้เช่าและการให้เช่าแบบลีสซิ่งอุปกรณ์การขนส่งทางบก (ยกเว้นยานยนต์),186,848.22807
การให้เช่าและการให้เช่าแบบลีสซิ่งอุปกรณ์การขนส่งทางน้ำ,113,1055.92
การให้เช่าและการให้เช่าแบบลีสซิ่งอุปกรณ์การขนส่งทางอากาศ,31,1746.328
การให้เช่าและการให้เช่าแบบลีสซิ่งเครื่องจักรและอุปกรณ์ ทางการเกษตรและการป่าไม้,155,98.77072
การให้เช่าและการให้เช่าแบบลีสซิ่งเครื่องจักรและอุปกรณ์ ที่ใช้ในการก่อสร้างและงานวิศวกรรมโยธา,951,5938.691
การให้เช่าและการให้เช่าแบบลีสซิ่งเครื่องจักรและอุปกรณ์ สำนักงาน,309,3050.1799
การให้เช่าและการให้เช่าแบบลีสซิ่งเครื่องจักรอุปกรณ์ และสินค้าที่จับต้องได้อื่นๆซึ่งมิได้จัดประเภทไว้ในที่อื่น,857,33595.06319
การให้เช่าแบบลิสซิ่งผลิตภัณฑ์ที่มีสินทรัพย์ทางปัญญา และผลิตภัณฑ์ที่คล้ายกันยกเว้นงานที่มีลิขสิทธิ์,533,2840.5971
บริการเกี่ยวกับสิทธิพิเศษอื่น ๆ,65,2124.61
กิจกรรมการจัดหางาน,0,0
กิจกรรมของสำนักงานจัดหางานหรือตัวแทนจัดหางาน,1,1
กิจกรรมของบริษัทตัวแทนและสำนักงานคัดเลือกนักแสดง,659,1009.94
กิจกรรมของสำนักงานจัดหางานหรือตัวแทนจัดหางานอื่นๆ ซึ่งมิได้จัดประเภทไว้ในที่อื่น,1165,4349.43927
กิจกรรมการให้บริการจ้างงานชั่วคราว,2209,5946.647989
กิจกรรมการจัดหาทรัพยากรมนุษย์อื่นๆ,774,4193.128914
ตัวแทนธุรกิจการเดินทางธุรกิจจัดนำเที่ยวและบริการสำรอง และกิจกรรมที่เกี่ยวข้อง,2,5
ตัวแทนธุรกิจการเดินทางธุรกิจจัดนำเที่ยว,0,0
ตัวแทนธุรกิจการเดินทาง,2143,5928.365295
ธุรกิจจัดนำเที่ยว,10329,36780.31485
กิจกรรมบริการสำรองอื่นๆและกิจกรรมที่เกี่ยวข้อง,0,0
กิจกรรมของมัคคุเทศก์,10,16
กิจกรรมบริการสำรองอื่นๆและกิจกรรมที่เกี่ยวข้องซึ่งมิได้ จัดประเภทไว้ในที่อื่น,1810,6979.75277
กิจกรรมการบริการรักษาความปลอดภัยและการสืบสวน,0,0
กิจกรรมการรักษาความปลอดภัยส่วนบุคคล,3786,9819.84008
กิจกรรมการบริการระบบรักษาความปลอดภัย,612,2451.76
กิจกรรมสืบสวน,18,23.4
กิจกรรมบริการสำหรับอาคารและภูมิทัศน์,0,0
กิจกรรมสนับสนุนการอำนวยความสะดวกแบบเบ็ดเสร็จ,118,2208.644848
การบริการทำความสะอาด,1,1
การบริการทำความสะอาดทั่วไปของตัวอาคาร,2817,6603.146002
การบริการทำความสะอาดสำหรับอาคารและอุตสาหกรรม อื่นๆ,0,0
กิจกรรมการทำความสะอาดพื้นผิวภายนอกอาคาร,74,180.975
กิจกรรมการทำความสะอาดภายในที่ใช้ความชำนาญเฉพาะด้าน,243,699.62
กิจกรรมการฆ่าเชื้อและกำจัด,1083,2600.787
กิจกรรมการทำความสะอาดสำหรับอาคารและอุตสาหกรรมอื่นๆ ซึ่งมิได้จัดประเภทไว้ในที่อื่น,139,479.055
การบริการดูแลและบำรุงรักษาภูมิทัศน์,1864,4779.373054
การบริหารสำนักงานบริการสนับสนุนสำนักงานและบริการ สนับสนุนทางธุรกิจอื่นๆ,0,0
กิจกรรมการบริหารและสนับสนุนสำนักงาน,0,0
กิจกรรมบริการเพื่อการบริหารสำนักงานแบบเบ็ดเสร็จ,5260,128889.4632
กิจกรรมการถ่ายเอกสารการเตรียมเอกสารและกิจกรรมเฉพาะด้าน อื่นๆที่สนับสนุนสำนักงาน,0,0
การถ่ายเอกสาร,204,507.699999
การเตรียมเอกสารและกิจกรรมเฉพาะด้านอื่นๆที่สนับสนุน สำนักงาน,160,630.33
กิจกรรมศูนย์บริการลูกค้าทางโทรศัพท์,132,2721.364474
การจัดประชุมและการแสดงสินค้า,4,2.3
การจัดการประชุม,3070,12238.35968
การจัดการแสดงทางธุรกิจและการแสดงสินค้า,3809,31419.73645
กิจกรรมการบริการเพื่อสนับสนุนธุรกิจซึ่งมิได้จัดประเภทไว้ ในที่อื่น,2,2
กิจกรรมของหน่วยงานตัวแทนที่ทำหน้าที่เรียกเก็บเงินและข้อมูล เครดิต,0,0
กิจกรรมของตัวแทนที่ทำหน้าที่เรียกเก็บเงิน,296,2826.700055
กิจกรรมการบริการข้อมูลเครดิต,9,1021.95577
กิจกรรมที่เกี่ยวกับการบรรจุภัณฑ์,417,2220.0875
กิจกรรมการบริการอื่นๆเพื่อสนับสนุนธุรกิจซึ่งมิได้จัดประเภทไว้ ในที่อื่น,6345,197676.496
การบริหารราชการและการป้องกันประเทศรวมถึงการ ประกันสังคมภาคบังคับ,1,1
กิจกรรมการบริหารราชการทั่วไป,0,0
กิจกรรมด้านการบริการที่ส่งเสริมภาครัฐโดยรวม,2,1.2
การกำหนดกฎเกณฑ์เกี่ยวกับกิจกรรมการให้บริการทางสุขภาพ การศึกษาวัฒนธรรมและการบริการทางสังคมอื่นๆยกเว้น การประกันสังคม,0,0
การกำหนดกฎเกณฑ์เกี่ยวกับกิจกรรมการให้บริการทางการศึกษา,0,0
การกำหนดกฎเกณฑ์เกี่ยวกับกิจกรรมการให้บริการทางสุขภาพ,2,2
การกำหนดกฎเกณฑ์เกี่ยวกับกิจกรรมการให้บริการทางสิ่งแวดล้อมและที่พักอาศัย,1,1
การกำหนดกฎเกณฑ์เกี่ยวกับกิจกรรมการให้บริการด้านกีฬา นันทนาการวัฒนธรรมและศาสนา,1,1
การกำหนดกฎเกณฑ์และการสนับสนุนเพื่อเพิ่มประสิทธิภาพ ในการดำเนินงานทางการเกษตรกรรมการป่าไม้การประมง และการล่าสัตว์,0,0
การกำหนดกฎเกณฑ์และการสนับสนุนเพื่อเพิ่มประสิทธิภาพ ในการดำเนินงานทางด้านเชื้อเพลิงและพลังงาน,1,80
การกำหนดกฎเกณฑ์และการสนับสนุนเพื่อเพิ่มประสิทธิภาพ ในการดำเนินงานด้านการขนส่งและโทรคมนาคม,0,0
การกำหนดกฎเกณฑ์และการสนับสนุนเพื่อเพิ่มประสิทธิภาพ ในการดำเนินงานด้านการขายส่งและการขายปลีก,0,0
การกำหนดกฎเกณฑ์และการสนับสนุนเพื่อเพิ่มประสิทธิภาพ ในการดำเนินงานด้านการท่องเที่ยวและบริการที่เกี่ยวข้อง,0,0
การกำหนดกฎเกณฑ์และการสนับสนุนเพื่อเพิ่มประสิทธิภาพ การบริหารงานทั่วไปเกี่ยวกับเศรษฐกิจพาณิชย์และแรงงาน,0,0
การต่างประเทศ,0,0
กิจกรรมการจัดระเบียบและความปลอดภัยสาธารณะอื่นๆซึ่งมิได้ จัดประเภทไว้ในที่อื่น,3,0.7
การศึกษา,0,0
การศึกษาระดับประถมศึกษา,0,0
การศึกษาระดับประถมศึกษาสำหรับเด็กปกติ,236,12302.90095
การศึกษาระดับประถมศึกษาสำหรับเด็กพิการ,1,5
การศึกษาระดับประถมศึกษาโดยวิธีอื่นๆ,16,35.7
การศึกษาระดับมัธยมศึกษาประเภทสามัญศึกษาสำหรับ ผู้เรียนปกติ,40,1072.1
การศึกษาระดับมัธยมศึกษาประเภทสามัญศึกษาโดยวิธีอื่นๆ,9,15.45
การศึกษาระดับมัธยมศึกษาประเภทอาชีวศึกษา,67,2912.27
การศึกษาระดับอุดมศึกษา,1,80
การศึกษาระดับอุดมศึกษา ต่ำกว่าปริญญา,24,1123
การศึกษาระดับอุดมศึกษา ปริญญาตรี,27,4037
การศึกษาระดับอุดมศึกษา ระดับปริญญาโทขึ้นไป,4,8
การศึกษาประเภทอื่น ๆ,0,0
การศึกษาด้านกีฬาและนันทนาการ,1428,5128.698
กิจกรรมการเรียนการสอนด้านการเต้นรำ,124,241.03
กิจกรรมการเรียนการสอนด้านดนตรี,280,564.7615
กิจกรรมการเรียนการสอนด้านศิลปะ,88,193.162
การศึกษาด้านวัฒนธรรมอื่น ๆ ซึ่งมิได้จัดประเภทไว้ในที่อื่น,43,73.65
การศึกษาอื่น ๆ ซึ่งมิได้จัดประเภทไว้ในที่อื่น,0,0
กิจกรรมการเรียนการสอนภาษา,1105,3860.787645
กิจกรรมการเรียนการสอนด้านเทคโนโลยีสารสนเทศ,306,747.94
กิจกรรมการกวดวิชาทั่วไป,727,1454.21616
กิจกรรมการเรียนการสอนตัดเสื้อผ้าและเสริมสวย,109,219.1
กิจกรรมการเรียนการสอนสปาบำบัด,40,102.3
กิจกรรมการเรียนการสอนนวด,49,100.9
กิจกรรมการเรียนการสอนขับขี่,266,2454.8442
การศึกษาอื่นๆซึ่งมิได้จัดประเภทไว้ในที่อื่น,1256,6066.3001
การบริการที่สนับสนุนการศึกษา,1554,7237.763936
การศึกษาระดับก่อนประถมศึกษาสำหรับเด็กปกติ,182,2925.4369
การศึกษาระดับก่อนประถมศึกษาสำหรับเด็กพิการ,2,16
กิจกรรมด้านสุขภาพของมนุษย์,0,0
กิจกรรมโรงพยาบาล,0,0
กิจกรรมโรงพยาบาล,1137,174213.5555
กิจกรรมโรงพยาบาลเฉพาะทาง,253,10772.24039
กิจกรรมทางการแพทย์และทางทันตกรรม,0,0
กิจกรรมคลินิกโรคทั่วไป,3215,17240.409
กิจกรรมคลินิกโรคเฉพาะทาง,2901,10644.00277
กิจกรรมทางทันตกรรม,1239,4296.559049
กิจกรรมอื่น ๆ ด้านสุขภาพของมนุษย์,0,0
กิจกรรมด้านการพยาบาลและผดุงครรภ์,218,455.625
กิจกรรมด้านกายภาพบำบัด,311,2026.260999
กิจกรรมในห้องปฏิบัติการทางการแพทย์,521,4651.8565
กิจกรรมอื่น ๆ ด้านสุขภาพของมนุษย์ ซึ่งมิได้จัดประเภทไว้ในที่อื่น,1530,13044.82999
หน่วยบริการทางการพยาบาลที่จัดที่พักให้,97,1184.9
กิจกรรมการดูแลรักษาในสถานที่ที่มีที่พักและมีคนดูแลประจำ สำหรับผู้พิการทางสมอง,3,4
กิจกรรมการดูแลรักษาในสถานที่ที่มีที่พักและมีคนดูแลประจำ สำหรับผู้มีปัญหาสุขภาพจิต,24,142.7
กิจกรรมการดูแลรักษาในสถานที่ที่มีที่พักและมีคนดูแลประจำ สำหรับผู้ใช้สารเสพติด,20,197.4
กิจกรรมการดูแลรักษาในสถานที่ที่มีที่พักและมีคนดูแลประจำ สำหรับผู้สูงอายุ,804,3252.94358
กิจกรรมการดูแลรักษาในสถานที่ที่มีที่พักและมีคนดูแลประจำ สำหรับเด็กและเยาวชนพิการ,8,18
กิจกรรมการดูแลรักษาในสถานที่ที่มีที่พักและมีคนดูแลประจำ สำหรับผู้พิการ,1,1
กิจกรรมการดูแลรักษาในสถานที่ที่มีที่พักและมีคนดูแลประจำ สำหรับเด็กและเยาวชน (ยกเว้น ผู้พิการซึ่งไม่สามารถช่วยเหลือตนเองได้ทั้งหมด หรือผู้ที่ไม่สามารถอยู่ตามลำพังได้และผู้ใช้สารเสพติด),6,17
กิจกรรมการดูแลรักษาในสถานที่ที่มีที่พักและมีคนดูแลประจำ สำหรับบุคคลอื่น ๆ ซึ่งมิได้จัดประเภทไว้ในที่อื่น,14,22.7
กิจกรรมสังคมสงเคราะห์โดยไม่มีที่พักอาศัยสำหรับผู้สูงอายุ,47,910.88
กิจกรรมสังคมสงเคราะห์โดยไม่มีที่พักอาศัยสำหรับผู้พิการ,4,1.3
กิจกรรมการรับเลี้ยงเด็กกลางวัน,266,1249.3894
กิจกรรมงานสังคมสงเคราะห์อื่นๆโดยไม่มีที่พักอาศัยซึ่งมิได้ จัดประเภทไว้ในที่อื่น,39,1043.885
กิจกรรมการสร้างสรรค์ศิลปะและความบันเทิง,0,0
กิจกรรมการสร้างสรรค์ศิลปะ,537,1727.8361
กิจกรรมด้านความบันเทิง,2928,14232.46557
กิจกรรมห้องสมุด,3,8
กิจกรรมหอจดหมายเหตุ,1,1
กิจกรรมทางพิพิธภัณฑ์และการดำเนินงานเกี่ยวข้องกับแหล่ง โบราณสถานและอาคารทางประวัติศาสตร์,0,0
กิจกรรมพิพิธภัณฑ์,47,23279.37
กิจกรรมการดำเนินงานเกี่ยวข้องกับโบราณสถานและอาคารทางประวัติศาสตร์,8,24.5
กิจกรรมสวนพฤกษชาติและสวนสัตว์,64,5509.45
กิจกรรมการอนุรักษ์ธรรมชาติ,16,25.45
กิจกรรมการพนันและการเสี่ยงโชค,0,0
กิจกรรมการขายสลากกินแบ่ง,695,1690.972
กิจกรรมการพนันและการเสี่ยงโชคอื่นๆซึ่งมิได้จัดประเภทไว้ ในที่อื่น,1,0.3
กิจกรรมด้านการกีฬา ความบันเทิงและนันทนาการ,0,0
กิจกรรมด้านการกีฬา,1,5
การดำเนินงานเกี่ยวกับสิ่งอำนวยความสะดวกทางการกีฬา,0,0
การดำเนินงานเกี่ยวกับสิ่งอำนวยความสะดวกสำหรับการแข่งขัน กีฬา,945,71851.3246
การดำเนินงานของสถานที่ออกกำลังกาย,1469,9365.14867
กิจกรรมด้านสโมสรกีฬา,302,6664.29
กิจกรรมอื่นๆทางด้านการกีฬา,0,0
กิจกรรมการจัดการแข่งขันกีฬา,346,3491.5166
กิจกรรมของสมาคม/สมาพันธ์กีฬา,9,13.95
กิจกรรมอื่นๆทางด้านการกีฬาซึ่งมิได้จัดประเภทไว้ในที่อื่น,333,3994.298
กิจกรรมทางด้านความบันเทิงและนันทนาการอื่น ๆ,0,0
กิจกรรมด้านสวนสนุกและธีมปาร์ค,232,14067.94102
กิจกรรมด้านความบันเทิงและนันทนาการอื่น ๆ ซึ่งมิได้จัดประเภท ไว้ในที่อื่น,1,2
กิจกรรมสวนพักผ่อนหย่อนใจและชายหาด,14,47
กิจกรรมการแสดงโชว์เพื่อความบันเทิงและการนันทนาการ,249,1230.595
กิจกรรมการดำเนินงานร้านเกมและตู้เกมหยอดเหรียญ,221,1729.608999
กิจกรรมด้านความบันเทิงและการนันทนาการอื่นๆซึ่งมิได้ จัดประเภทไว้ในที่อื่น,487,3861.526698
กิจกรรมขององค์กรสมาชิก,1,1
กิจกรรมขององค์กรสมาชิกธุรกิจและองค์กรสมาชิกนายจ้าง,1,1
กิจกรรมขององค์กรสมาชิกผู้ประกอบวิชาชีพ,1,1
กิจกรรมของสหภาพแรงงาน,0,0
กิจกรรมขององค์กรทางศาสนา,0,0
กิจกรรมขององค์กรสิทธิมนุษยชน,0,0
กิจกรรมของสมาคมเยาวชน,0,0
กิจกรรมขององค์กรด้านสิ่งแวดล้อมและนิเวศวิทยา,3,8
กิจกรรมของสมาคมด้านวัฒนธรรมและนันทนาการ,0,0
กิจกรรมการเป็นสมาชิกองค์กรอื่นๆซึ่งมิได้จัดประเภทไว้ในที่อื่น,0,0
การซ่อมคอมพิวเตอร์และอุปกรณ์สื่อสาร,0,0
การซ่อมคอมพิวเตอร์และอุปกรณ์ต่อพ่วง,490,1178.0263
การซ่อมอุปกรณ์สื่อสาร,186,956.6
การซ่อมเครื่องอิเล็กทรอนิกส์สำหรับผู้บริโภค,139,270.9
การซ่อมเครื่องใช้ในครัวเรือนและอุปกรณ์สำหรับบ้านและสวน,545,945.75219
การซ่อมรองเท้าและเครื่องหนัง,49,135.3
การซ่อมเฟอร์นิเจอร์และของตกแต่งบ้าน,102,324.691
การซ่อมของใช้ส่วนบุคคลและของใช้ในครัวเรือนอื่นๆ,0,0
การซ่อมนาฬิกา,19,96.6705
การซ่อมเครื่องแต่งกาย,5,6
การซ่อมจักรยานสองล้อ,16,26.8
การซ่อมเครื่องดนตรี,8,7.25
การซ่อมเครื่องกีฬา,14,33
การซ่อมของใช้ส่วนบุคคลและของใช้ในครัวเรือนอื่นๆซึ่งมิได้ จัดประเภทไว้ในที่อื่น,39,505.516
กิจกรรมการบริการอื่นๆส่วนบุคคล,1,1
การให้บริการด้านสุขภาพยกเว้นกิจกรรมทางด้านกีฬา,0,0
กิจกรรมสปา,2084,10869.15792
กิจกรรมการบริการลดน้ำหนัก,26,97.9
กิจกรรมการแต่งผม,708,1733.9745
กิจกรรมการดูแลความงามแต่งเล็บมือและเล็บเท้า,1663,4366.070109
กิจกรรมการให้บริการด้านสุขภาพอื่นๆซึ่งมิได้จัดประเภทไว้ ในที่อื่น,269,1058.3529
การให้บริการซักรีด,0,0
การบริการซักรีด (ยกเว้นโดยเครื่องซักผ้าชนิดหยอดเหรียญ),903,2871.91304
การซักผ้าโดยเครื่องซักผ้าชนิดหยอดเหรียญ,1184,2947.7436
การบริการฟอกและย้อมสี,19,120.5
กิจกรรมการให้บริการอื่นๆส่วนบุคคล,0,0
กิจกรรมเกี่ยวกับงานศพและกิจกรรมที่เกี่ยวข้อง,46,101.21
กิจกรรมการดูแลสัตว์เลี้ยง,307,698.87267
กิจกรรมการบริการด้วยเครื่องหยอดเหรียญ,146,436.67
กิจกรรมโหราศาสตร์และไสยศาสตร์,177,221.789997
กิจกรรมการบริการอาบอบนวดและการบริการอื่นๆที่คล้ายกัน,127,747.059
กิจกรรมการบริการอื่น ๆ ส่วนบุคคลซึ่งมิได้จัดประเภทไว้ในที่อื่น,3266,26585.43061
กิจกรรมการจ้างงานในครัวเรือนในฐานะที่เป็นนายจ้างส่วนบุคคล,0,0
กิจกรรมการผลิตสินค้าเพื่อใช้ในครัวเรือนซึ่งไม่สามารถจำแนก กิจกรรมได้อย่างชัดเจน,2,1.1
กิจกรรมการบริการในครัวเรือนซึ่งไม่สามารถจำแนกกิจกรรม ได้อย่างชัดเจน,0,0
กิจกรรมขององค์การระหว่างประเทศและภาคีสมาชิก,0,0
กิจกรรมขององค์การระหว่างประเทศและภาคีสมาชิกอื่น ๆ ซึ่งมิได้จัดประเภทไว้ในที่อื่น,1,5
