type,p,m
การเพาะปลูกและการเลี้ยงสัตว์ บริการที่เกี่ยวข้อง,0,0.0
การปลูกพืชล้มลุก,0,0.0
การปลูกธัญพืช (ยกเว้นข้าว) พืชตระกูลถั่วและพืชน้ำมัน,0,0.0
การปลูกข้าวโพดที่ใช้เมล็ดแก่,23,262.4969
การปลูกธัญพืช (ยกเว้นข้าวและข้าวโพด),33,594.5
การปลูกพืชตระกูลถั่ว,12,22.6956
การปลูกถั่วเหลือง,1,0.1
การปลูกพืชน้ำมัน (ยกเว้นถั่วเหลือง),9,282.7
การปลูกข้าวจ้าว,687,1198.4108
การปลูกข้าวเหนียว,331,302.9024
การปลูกพืชผักกินใบและพืชผักกินต้น รวมถึงการเพาะเมล็ดพันธุ์ผัก,167,1081.738238
การปลูกพืชผักกินผลรวมถึงแตงชนิดต่าง ๆ รวมถึงการเพาะเมล็ดพันธุ์ผัก,50,1200.078
การปลูกพืชผักกินหัว,10,2.4208
การปลูกพืชจำพวกรากและหัว (ยกเว้นมันสำปะหลัง),1,1.0
การปลูกมันสำปะหลัง,65,1185.8287
การเพาะเห็ด,77,1244.0294
การปลูกพืชผักอื่นๆ ซึ่งมิได้จัดประเภทไว้ในที่อื่น,322,5519.56623
การปลูกอ้อย,75,797.307
การปลูกยาสูบ,5,18.21384
การปลูกฝ้าย,0,0.0
การปลูกพืชเส้นใยอื่นๆ ซึ่งมิได้จัดประเภทไว้ในที่อื่น,6,10.009
การปลูกข้าวโพดเลี้ยงสัตว์,30,4291.481
การปลูกพืชล้มลุกที่ใช้เป็นอาหารสัตว์ (ยกเว้นข้าวโพด เลี้ยงสัตว์),12,95.0
การปลูกกล้วยไม้,31,330.25
การปลูกไม้ดอกอื่นๆ (ยกเว้นกล้วยไม้),17,38.3
การปลูกพืชล้มลุกชนิดอื่นๆ ซึ่งมิได้จัดประเภทไว้ในที่อื่น,69,1026.67
การทำสวนองุ่น,6,113.5
การปลูกสับปะรด,15,123.977
การปลูกทุเรียน,66,2491.913
การปลูกลำไย,5,25.15
การปลูกมะม่วง,22,38.3634
การปลูกกล้วย,14,18.822
การปลูกมังคุด,4,0.0307
การปลูกเงาะ,2,86.0
การปลูกไม้ผลเมืองร้อนและกึ่งร้อนอื่นๆซึ่งมิได้จัดประเภท ไว้ในที่อื่น,18,657.6
การปลูกส้ม,13,208.745
การปลูกไม้ผลตระกูลส้มอื่นๆซึ่งมิได้จัดประเภทไว้ในที่อื่น,7,42.845
การปลูกไม้ผลเมืองหนาวอื่นๆ ซึ่งมิได้จัดประเภทไว้ในที่อื่น,2,2.0
การปลูกไม้ผลเปลือกแข็งที่กินได้,3,13.85
การปลูกไม้ผลที่มีต้นเป็นพุ่ม,1,1.0
การปลูกไม้ผลยืนต้นอื่นๆซึ่งมิได้จัดประเภทไว้ในทื่อื่น,65,1328.28946
การปลูกปาล์มน้ำมัน,184,8408.88013
การปลูกมะพร้าว,52,806.305
การปลูกไม้ยืนต้นอื่นๆที่ให้น้ำมันซึ่งมิได้จัดประเภทไว้ในที่อื่น,5,29.5
การทำไร่ชา,15,138.4
การทำไร่กาแฟ,30,90.75
การปลูกพืชอื่นๆที่นำไปทำเครื่องดื่มซึ่งมิได้จัดประเภทไว้ในที่อื่น,33,138.86
การปลูกพริก,9,14.045
การปลูกพริกไทย,0,0.0
การปลูกพืชอื่นๆประเภทเครื่องเทศเครื่องหอมยารักษาโรค และพืชทางเภสัชภัณฑ์ซึ่งมิได้จัดประเภทไว้ในที่อื่น,1489,7347.773615
การปลูกต้นยางพารา,109,14289.06113
การปลูกพืชที่ใช้ในการถักสาน,13,15.2305
การปลูกพืชยืนต้นประเภทอื่นๆซึ่งมิได้จัดประเภทไว้ในที่อื่น,296,11793.80729
การขยายพันธุ์พืช,0,0.0
การทำสวนไม้ประดับ,51,116.75
การปลูกพืชการเพาะพันธุ์และการขยายพันธุ์พืชอื่นๆ,273,4505.9985
การเลี้ยงโคและกระบือ,0,0.0
การเลี้ยงโคนมและโคเนื้อ,131,1208.1906
การเลี้ยงกระบือนมและกระบือเนื้อ,12,163.672
การเลี้ยงโคและกระบือเพื่อวัตถุประสงค์อื่นๆซึ่งมิได้จัดประเภท ไว้ในที่อื่น,23,47.2
การเลี้ยงม้าลาล่อม้าล่อและสัตว์อื่นๆที่คล้ายม้า,7,21.2
การเลี้ยงแกะ,6,22.3
การเลี้ยงแพะ,22,75.145
การเลี้ยงสุกร,929,21797.820798
การเลี้ยงสัตว์ปีก,0,0.0
การเลี้ยงไก่ไข่,316,7995.0108
การเลี้ยงไก่เนื้อ,677,21652.7657
การเลี้ยงเป็ด,26,814.5
การเลี้ยงสัตว์ปีกอื่นๆ ซึ่งมิได้จัดประเภทไว้ในที่อื่น,189,3508.326
การเลี้ยงสัตว์ประเภทอื่นๆ,0,0.0
การเลี้ยงนกกระจอกเทศและนกอีมู,0,0.0
การเลี้ยงไหมผีเสื้อและแมลง,19,85.09
การเลี้ยงผึ้ง,66,204.724
การเลี้ยงนกนางแอ่น,28,873.1
การทำฟาร์มงู,2,2.0
การทำฟาร์มสัตว์เลี้ยง (ยกเว้นสัตว์น้ำ),73,758.44
การเลี้ยงสัตว์ประเภทอื่นๆ ซึ่งมิได้จัดประเภทไว้ในที่อื่น,457,5616.753955
การทำฟาร์มผสมผสาน,246,222009.8769
กิจกรรมสนับสนุนการเกษตรและกิจกรรมหลังการเก็บเกี่ยว,0,0.0
การควบคุมแมลงและสัตว์ศัตรูพืช,192,169.435
การดำเนินการเกี่ยวกับอุปกรณ์การให้น้ำและเครื่องมือชลประทาน ทางการเกษตร,38,45.382434
กิจกรรมสนับสนุนการผลิตพืชผลซึ่งมิได้จัดประเภทไว้ในที่อื่น,1121,3563.42382
กิจกรรมสนับสนุนการเลี้ยงสัตว์,0,0.0
กิจกรรมสนับสนุนการแพร่พันธุ์สัตว์,18,149.4
กิจกรรมสนับสนุนการเลี้ยงสัตว์อื่นๆซึ่งมิได้จัดประเภทไว้ในที่อื่น,77,590.45
กิจกรรมหลังการเก็บเกี่ยวพืชผล,174,777.17895
กระบวนการจัดการเมล็ดพันธุ์เพื่อการขยายพันธุ์,101,279.4075
การล่าสัตว์การดักสัตว์และกิจกรรมบริการอื่นๆที่เกี่ยวข้อง,17,25.0
ป่าไม้และการทำไม้,0,0.0
วนวัฒนวิทยาและกิจกรรมอื่นๆที่เกี่ยวกับป่าไม้,84,1034.35
การทำไม้,118,2533.959999
การเก็บหาของป่า,10,20.2
บริการสนับสนุนการป่าไม้,31,1528.57
การประมง,0,0.0
การประมงทะเล,0,0.0
การจับปลาทะเล,15,61.5
การจับกุ้งทะเล,8,286.0
การจับปูทะเล,1,2.0
การจับหอยทะเล,3,5.0
การประมงทะเลอื่นๆ ซึ่งมิได้จัดประเภทไว้ในที่อื่น,47,508.719999
การจับปลาน้ำจืด,4,8.0
การจับกุ้งน้ำจืด,2,4.0
การประมงน้ำจืดอื่นๆ ซึ่งมิได้จัดประเภทไว้ในที่อื่น,13,46.6
การเพาะเลี้ยงสัตว์น้ำทะเล,0,0.0
การเพาะเลี้ยงปลาทะเล,9,79.0
การเพาะเลี้ยงกุ้งทะเล,73,2170.22
การเพาะเลี้ยงหอยทะเล,7,6.5
การเพาะเลี้ยงสัตว์ทะเลสวยงาม,9,10.3
การเพาะเลี้ยงสัตว์น้ำทะเลอื่นๆซึ่งมิได้จัดประเภทไว้ในที่อื่น,27,377.28
การเพาะเลี้ยงปลาน้ำจืด,87,380.5873
การเพาะเลี้ยงกุ้งน้ำจืด,41,346.3
การเพาะเลี้ยงกบ,1,0.02
การเพาะเลี้ยงจระเข้,7,169.0
การเพาะเลี้ยงสัตว์น้ำจืดสวยงาม,38,55.3
การเพาะเลี้ยงสัตว์น้ำจืดอื่นๆ ซึ่งมิได้จัดประเภทไว้ในที่อื่น,34,921.541
การทำเหมืองถ่านหินคุณภาพสูง,21,837.719679
การทำเหมืองลิกไนต์,5,1174.66
การผลิตน้ำมันดิบและก๊าซธรรมชาติ,0,0.0
การผลิตน้ำมันดิบ,23,71195.4404
การผลิตก๊าซธรรมชาติ,29,5052.0
การทำเหมืองสินแร่เหล็ก,22,1096.9384
การทำเหมืองสินแร่ยูเรเนียมและทอเรียม,1,4.0
การทำเหมืองสินแร่ดีบุก,30,710.0216
การทำเหมืองสินแร่สังกะสี,1,10.0
การทำเหมืองสินแร่โลหะนอกกลุ่มสินแร่เหล็กอื่น ๆ ซึ่งมิได้จัด ประเภทไว้ในที่อื่น,347,17088.359921
การทำเหมืองสินแร่โลหะมีค่า,57,1813.38850696
การทำเหมืองแร่และเหมืองหินอื่นๆ,0,0.0
การทำเหมืองหินที่ใช้ในการก่อสร้าง,456,11263.7693
การทำเหมืองหินปูนยิปซัมชอล์กและโดโลไมต์,80,3695.47725
การขุดกรวดและทราย,586,5582.38
การทำเหมืองดิน,36,326.49
การทำเหมืองแร่และเหมืองหินซึ่งมิได้จัดประเภทไว้ในที่อื่น,0,0.0
การทำเหมืองแร่ที่ใช้ทำเคมีภัณฑ์และปุ๋ย,37,21752.8973
การขุดพีต,0,0.0
การทำเหมืองเกลือสินเธาว์,12,452.64
การทำเหมืองเกลือสมุทร,9,93.0
การทำเหมืองแร่ เหมืองแร่อโลหะและเหมืองหินอื่นๆ ซึ่งมิได้จัดประเภทไว้ในที่อื่น,0,0.0
การทำเหมืองแร่รัตนชาติและกึ่งรัตนชาติ,13,39.0
การทำเหมืองแร่ เหมืองแร่อโลหะและเหมืองหินอื่นๆ ซึ่งมิได้จัดประเภทไว้ในที่อื่น,425,5799.40805
กิจกรรมที่สนับสนุนการขุดเจาะน้ำมันดิบและก๊าซธรรมชาติ,157,140301.45224
กิจกรรมที่สนับสนุนการทำเหมืองแร่และเหมืองหินอื่นๆ,109,1448.33
การผลิตผลิตภัณฑ์อาหาร,1,60.0
การแปรรูปและการถนอมเนื้อสัตว์,0,0.0
การฆ่าสัตว์และการบรรจุเนื้อสัตว์ (ยกเว้นสัตว์ปีก),0,0.0
การฆ่าสัตว์ (ยกเว้นสัตว์ปีก),136,3009.2064
การบรรจุเนื้อสัตว์สด (ยกเว้นสัตว์ปีก),102,1730.6445
การฆ่าและการบรรจุเนื้อสัตว์ปีกสด,150,36978.201082
การแปรรูปและการถนอมผลิตภัณฑ์เนื้อสัตว์และเนื้อสัตว์ปีก,0,0.0
การผลิตเนื้อสัตว์และเนื้อสัตว์ปีกด้วยการอบแห้ง การทำเค็มหรือ การรมควัน,122,2173.765
การผลิตไส้กรอกลูกชิ้นและผลิตภัณฑ์อื่นที่คล้ายกันที่ทำจาก เนื้อสัตว์และเนื้อสัตว์ปีก,324,6404.6947
การผลิตเนื้อสัตว์และเนื้อสัตว์ปีกบรรจุกระป๋อง,8,121.4
การผลิตผลิตภัณฑ์พลอยได้จากสัตว์และสัตว์ปีก,90,791.56292
การผลิตผลิตภัณฑ์อื่น ๆ จากเนื้อสัตว์และเนื้อสัตว์ปีกซึ่งมิได้จัด ประเภทไว้ในที่อื่น,221,4222.93
การแปรรูปและการถนอมปลา สัตว์น้ำจำพวกครัสตาเซียและ โมลลุสก์,0,0.0
การผลิตสัตว์น้ำและผลิตภัณฑ์สัตว์น้ำสดแช่เย็นหรือแช่แข็ง,1,5.0
การผลิตปลาและผลิตภัณฑ์จากปลาสดแช่เย็น หรือแช่แข็ง,145,2710.35
การผลิตสัตว์น้ำและผลิตภัณฑ์สัตว์น้ำสด (ยกเว้นปลา) แช่เย็นหรือแช่แข็ง,139,8898.298384
การผลิตปลาบรรจุกระป๋อง,46,8581.73999
การผลิตสัตว์น้ำ (ยกเว้นปลา) บรรจุกระป๋อง,10,931.5
การแปรรูปและการถนอมสัตว์น้ำอื่นๆ,0,0.0
การผลิตผลิตภัณฑ์สัตว์น้ำด้วยการอบแห้ง การรมควัน การทำเค็ม การหมักในน้ำเกลือ หรือน้ำส้มสายชู,183,2324.8894
การผลิตไส้กรอกลูกชิ้นและผลิตภัณฑ์อื่นที่คล้ายกันที่ทำจาก สัตว์น้ำ,34,1718.4125
การผลิตน้ำปลาและผลิตภัณฑ์สัตว์น้ำที่ได้จากการหมัก,192,2208.083
การผลิตปลาป่นสำหรับใช้เป็นอาหารสัตว์,84,1412.9375
การแปรรูปสาหร่าย,31,865.3
การผลิตผลิตภัณฑ์อื่น ๆ จากสัตว์น้ำซึ่งมิได้จัดประเภทไว้ในที่อื่น,82,967.54
การแปรรูปและการถนอมผลไม้และผัก,1,3.5
การผลิตผลไม้และผักแช่แข็ง,154,3137.495725
การผลิตผลไม้และผักบรรจุกระป๋อง,111,10681.145765
การผลิตน้ำผลไม้และน้ำผัก,318,8685.09368
การถนอมผลไม้หรือผักโดยการทำเค็มการอบแห้งการแช่ ในน้ำมันหรือในน้ำส้มสายชู,156,6250.3989
การผลิตแยมแยมผิวส้มและเยลลี,18,93.4
การแปรรูปและการถนอมมันฝรั่ง,9,151.0
การผลิตผลิตภัณฑ์จากถั่วเปลือกแข็ง,56,737.6
การแปรรูปและการถนอมผลไม้และผักด้วยวิธีอื่นๆซึ่งมิได้ จัดประเภทไว้ในที่อื่น,1034,10915.7156
การผลิตน้ำมันและไขมันจากพืชและสัตว์,0,0.0
การผลิตน้ำมันถั่วเหลือง,4,129.0
การผลิตน้ำมันรำข้าว,12,1407.8392
การผลิตน้ำมันข้าวโพด,0,0.0
การผลิตน้ำมันมะพร้าว,48,673.284
การผลิตน้ำมันพืชชนิดอื่น ๆ ซึ่งมิได้จัดประเภทไว้ในที่อื่น,127,6916.484001
การผลิตน้ำมันปาล์ม,209,25891.145553
การผลิตน้ำมันและไขมันจากสัตว์,25,980.8104
การผลิตผลิตภัณฑ์อื่น ๆ ที่ได้จากน้ำมันพืชซึ่งมิได้จัด ประเภทไว้ในที่อื่น,24,1174.2025
การผลิตน้ำนมสด (ยกเว้นน้ำนมดิบ),61,4361.1308
การผลิตผลิตภัณฑ์นมข้นหรือนมผง,21,3011.95
การผลิตไอศกรีมและไอศกรีมหวานเย็น,239,5086.4007
การผลิตโยเกิร์ตและนมเปรี้ยว,26,1391.525
การผลิตเนย,26,148.3
การผลิตผลิตภัณฑ์นมอื่น ๆ ซึ่งมิได้จัดประเภทไว้ในที่อื่น,47,941.999
การสีข้าว,987,44170.742905
การผลิตแป้งจากข้าว,23,1416.264
การผลิตแป้งสาลี,22,5748.675
การผลิตแป้งข้าวโพด,7,171.5
การผลิตแป้งจากเมล็ดธัญพืชอื่น ๆ ซึ่งมิได้จัดประเภทไว้ในที่อื่น,27,962.6
การผลิตแป้งผสมหรือแป้งสำเร็จรูปสำหรับใช้ทำขนมปังและ ประกอบอาหารอื่น ๆ,116,4309.851
การผลิตน้ำธัญพืช,29,755.3335
การผลิตผลิตภัณฑ์อื่น ๆ จากเมล็ดธัญพืชซึ่งมิได้จัด ประเภทไว้ในที่อื่น,790,5847.2954
การผลิตมันเส้นและมันอัดเม็ด,77,2654.841016
การผลิตสตาร์ชมันสำปะหลัง,171,40599.24363
การผลิตสตาร์ชจากข้าวโพดธัญพืชและพืชผักอื่น ๆ (ยกเว้นมันสำปะหลัง),7,26.0
การผลิตผลิตภัณฑ์จากสตาร์ชอื่น ๆ ซึ่งมิได้จัดประเภทไว้ในที่อื่น,36,2677.5
การผลิตผลิตภัณฑ์อาหารอื่นๆ,0,0.0
การผลิตผลิตภัณฑ์ขนมอบ,0,0.0
การผลิตขนมปังเค้กและเพสตรี,887,6898.90114
การผลิตขนมปังกรอบและผลิตภัณฑ์ขนมอบกรอบอื่น ๆ,152,6949.26
การผลิตขนมไทยประเภทอบ,52,177.4
การผลิตน้ำตาล,0,0.0
การผลิตน้ำตาลดิบจากอ้อย,32,7005.1
การผลิตน้ำตาลบริสุทธิ์,118,64140.613989
การผลิตน้ำตาลจากพืช (ยกเว้นอ้อย),34,783.73638
การผลิตโกโก้และผลิตภัณฑ์จากโกโก้,44,286.35963
การผลิตผลิตภัณฑ์ช็อกโกแลตและขนมหวานจากช็อกโกแลต,45,662.411
การผลิตหมากฝรั่ง,1,70.0
การถนอมผลไม้ถั่วเปลือกแข็งเปลือกผลไม้และส่วนอื่นๆของพืชโดยใช้น้ำตาล,5,3.6005
การผลิตลูกกวาดและขนมอื่น ๆ ที่ทำจากน้ำตาลซึ่งมิได้จัดประเภทไว้ในที่อื่น,44,1084.8
การผลิตพาสต้า,8,1356.4
การผลิตเส้นก๋วยเตี๋ยว บะหมี่ วุ้นเส้น,184,1591.58375
การผลิตผลิตภัณฑ์อาหารจำพวกแป้งชนิดสำเร็จรูปและ กึ่งสำเร็จรูป,37,3136.998914
การผลิตผลิตภัณฑ์อาหารจำพวกแป้งอื่น ๆ ที่คล้ายกันซึ่งมิได้ จัดประเภทไว้ในที่อื่น,51,203.5
การผลิตอาหารปรุงสำเร็จ,0,0.0
การผลิตอาหารปรุงสำเร็จแช่แข็ง,347,11884.554874
การผลิตอาหารปรุงสำเร็จบรรจุในภาชนะปิดสนิทโดยวิธีสุญญากาศ,152,4193.8542
การผลิตกาแฟ ชาและสมุนไพรผงสำหรับชงเป็นเครื่องดื่ม,0,0.0
การผลิตกาแฟ,439,5061.41699
การผลิตชา,87,763.7
การผลิตสมุนไพรผงสำหรับชงเป็นเครื่องดื่ม,121,672.3784
การผลิตเครื่องเทศและเครื่องแกงสำเร็จรูป,171,1078.7825
การผลิตซอสและเครื่องปรุงอาหารประจำโต๊ะ,289,7125.6129
การผลิตซีอิ๊ว,41,1264.3971885
การผลิตผงชูรส,25,1739.2628
การผลิตเกลือบริโภค,27,417.7
การผลิตเครื่องปรุงอาหารประจำโต๊ะและเครื่องประกอบอาหาร อื่น ๆ ซึ่งมิได้จัดประเภทไว้ในที่อื่น,124,9392.781436
การผลิตผลิตภัณฑ์อาหารอื่น ๆ ซึ่งมิได้จัดประเภทไว้ในที่อื่น,0,0.0
การผลิตขนมขบเคี้ยว/ขนมกรุบกรอบ,247,10919.9275999
การผลิตขนมไทยและขนมพื้นเมือง (ยกเว้นขนมอบ),83,224.887185
การผลิตซุปน้ำซุปและอาหารพิเศษ,36,574.4
การผลิตอาหารพร้อมปรุงและอาหารที่เน่าเสียง่าย,244,3091.77794
การผลิตน้ำแข็งเพื่อการบริโภค,1392,11209.85125
การผลิตผลิตภัณฑ์จากไข่,34,173.4
การผลิตผลิตภัณฑ์อาหารอื่น ๆ ซึ่งมิได้จัดประเภทไว้ในที่อื่น,2314,27826.8983655
การผลิตอาหารสำเร็จรูปสำหรับเลี้ยงสัตว์,0,0.0
การผลิตอาหารสำเร็จรูปสำหรับสัตว์เลี้ยง,348,16352.41883
การผลิตอาหารสำเร็จรูปสำหรับเลี้ยงปศุสัตว์ในฟาร์ม,376,58162.159955
การผลิตเครื่องดื่ม,0,0.0
การผลิตสุรากลั่น,606,32088.4726
การผลิตสุราผสม,22,127.69
การผลิตสุราผลไม้ (ไวน์),0,0.0
การผลิตไวน์องุ่น,17,312.5
การผลิตไวน์ผลไม้ (ยกเว้นองุ่น),23,42.25
การผลิตสุราผลไม้ (ไวน์) ซึ่งมิได้จัดประเภทไว้ที่อื่น,116,668.0059
การผลิตมอลต์และสุราที่ทำจากข้าวมอลต์,68,27651.0955
การผลิตเครื่องดื่มที่ไม่มีแอลกอฮอล์การผลิตน้ำแร่และน้ำดื่ม บรรจุขวดประเภทอื่น ๆ,0,0.0
การผลิตน้ำดื่มบริสุทธิ์และน้ำแร่บรรจุขวด,1632,12787.8054
การผลิตน้ำอัดลมและโซดา,29,2137.391664
การผลิตเครื่องดื่มกาแฟ ชาและชาชงสมุนไพรพร้อมดื่ม,365,5512.3
การผลิตเครื่องดื่มให้พลังงานรวมถึงเครื่องดื่มเกลือแร่,55,5054.45
การผลิตเครื่องดื่มที่ไม่มีแอลกอฮอล์อื่นๆซึ่งมิได้จัดประเภทไว้ในที่อื่น,421,35146.721874
การบ่มและการอบใบยาสูบ,20,157.92527
การผลิตบุหรี่และซิการ์,11,29.1
การผลิตผลิตภัณฑ์จากยาสูบและผลิตภัณฑ์ที่ใช้แทนยาสูบอื่น ๆ ซึ่งมิได้จัดประเภทไว้ในที่อื่น (ยกเว้นบุหรี่และซิการ์),35,537.2885
การผลิตสิ่งทอ,0,0.0
การเตรียมเส้นใย,26,178.22
การปั่นด้ายจากเส้นใยธรรมชาติ,73,24998.783
การปั่นด้ายจากเส้นใยสังเคราะห์,103,17131.62434
การทอผ้า,0,0.0
การทอผ้าจากเส้นใยธรรมชาติ,128,3509.595
การทอผ้าจากเส้นใยสังเคราะห์,342,27579.60618
การทอผ้าจากเส้นใยอื่น ๆ ซึ่งมิได้จัดประเภทไว้ในที่อื่น,114,3117.6521
การขจัดไขมันและสิ่งสกปรกการฟอกขาวและการย้อมสี,87,5775.2
การพิมพ์ผ้า,384,3930.269
การตกแต่งสำเร็จสิ่งทอด้วยวิธีอื่น ๆ ซึ่งมิได้จัดประเภทไว้ในที่อื่น,143,955.078
การผลิตผ้าถักและผ้าถักโครเชต์,14,210.72
การผลิตวัสดุสิ่งทอสำเร็จรูปยกเว้นเครื่องแต่งกาย,0,0.0
การผลิตเครื่องนอนผ้าที่ใช้บนโต๊ะอาหารห้องน้ำและห้องครัว,232,2677.01
การผลิตผลิตภัณฑ์จากผ้าใบและผ้าอื่น ๆ ที่คล้ายกัน,212,1496.93
การผลิตวัสดุสิ่งทอสำเร็จรูปอื่น ๆ ยกเว้นเครื่องแต่งกายซึ่งมิได้ จัดประเภทไว้ในที่อื่น,270,4824.05
การผลิตพรมและพรมหนา,72,3086.99375
การผลิตเชือกเชือกเส้นใหญ่ตาข่ายแหและอวน,100,6348.43
การผลิตสิ่งทอชนิดอื่นๆซึ่งมิได้จัดประเภทไว้ในที่อื่น,0,0.0
การผลิตผ้าที่ไม่ได้ทอ,8,1006.5
การผลิตสิ่งทอชนิดใช้ในทางอุตสาหกรรม,33,3474.9
การผลิตสิ่งทออื่น ๆ ซึ่งมิได้จัดประเภทไว้ในที่อื่น,333,8879.0398
การผลิตเสื้อผ้าเครื่องแต่งกาย,0,0.0
การผลิตเสื้อผ้าเครื่องแต่งกายยกเว้นเสื้อผ้าเครื่องแต่งกาย ที่ทำจากขนสัตว์,0,0.0
การผลิตเสื้อผ้าเครื่องแต่งกายยกเว้นการรับจ้างตัดเย็บเสื้อผ้า,0,0.0
การผลิตเสื้อผ้าเครื่องแต่งกายที่ใช้ในงานอุตสาหกรรมวิชาชีพนักเรียนและนักศึกษา,361,1066.837951
การผลิตเสื้อผ้าชั้นนอก,2603,24049.804608
การผลิตชุดชั้นในและชุดนอน,83,4176.0
การผลิตเสื้อผ้าสำหรับเด็กทารก,53,332.5
การผลิตชุดกีฬา,166,1033.96059
การผลิตเสื้อผ้าเครื่องแต่งกายจากหนัง,18,122.3
การตัดเย็บเสื้อผ้าตามคำสั่งของลูกค้า,1359,4979.67802
การผลิตเครื่องปกคลุมหรือสวมศีรษะ,38,168.2
การผลิตเครื่องประกอบเครื่องแต่งกายอื่น ๆ ซึ่งมิได้จัดประเภทไว้ในที่อื่น,118,578.739
การผลิตสิ่งของต่าง ๆ ที่ทำจากขนสัตว์,6,548.1
การผลิตเสื้อผ้าเครื่องแต่งกายด้วยการถักและถักโครเชต์,32,546.0
การผลิตถุงเท้าถุงน่องชุดชั้นในด้วยการถักและถักโครเชต์,57,937.65
การผลิตเครื่องหนังและผลิตภัณฑ์ที่เกี่ยวข้อง,0,0.0
การฟอกและการตกแต่งเครื่องหนังการตกแต่งและการย้อมสี หนังขนสัตว์,120,5137.739536
การผลิตกระเป๋าเดินทางกระเป๋าถือและกระเป๋าอื่นๆที่ คล้ายกันอานและเครื่องลากเทียมสัตว์,0,0.0
การผลิตผลิตภัณฑ์ประเภทกระเป๋า,439,3762.295595
การผลิตอานเครื่องลากเทียมสัตว์และของเล่นสัตว์,12,54.2
การผลิตสิ่งของอื่นๆที่ทำจากหนังฟอกหรือหนังอัดซึ่งมิได้ จัดประเภทไว้ในที่อื่น,202,4249.77887
การผลิตรองเท้า,0,0.0
การผลิตรองเท้าหนัง,124,555.67
การผลิตรองเท้ายาง,68,1334.59
การผลิตรองเท้าไม้,3,3.5
การผลิตรองเท้ากีฬา,18,118.589
การผลิตรองเท้าอื่น ๆ ซึ่งมิได้จัดประเภทไว้ในที่อื่น,247,5785.15041
การผลิตไม้และผลิตภัณฑ์จากไม้ และไม้ก๊อก ยกเว้น เฟอร์นิเจอร์ การผลิตสิ่งของจากฟางและวัสดุถักสานอื่นๆ,1,1.0
การเลื่อยไม้และการไสไม้,2,2.0
การเลื่อยไม้,980,22112.026706
การอบและการอัดน้ำยาไม้,39,639.7
การผลิตแผ่นไม้บางและผลิตภัณฑ์ไม้,222,28429.63427
การผลิตโครงสร้างที่ใช้ในการก่อสร้างและเครื่องประกอบอาคาร,386,2602.87451547
การผลิตภาชนะบรรจุที่ทำจากไม้,393,2289.17375
การผลิตผลิตภัณฑ์อื่นๆที่ทำจากไม้การผลิตสิ่งของจาก ไม้ก๊อกฟางและวัสดุถักสาน,0,0.0
การผลิตเครื่องใช้ในบ้านที่ทำจากไม้และไม้ก๊อก,92,979.6
การผลิตผลิตภัณฑ์ที่ทำจากฟางและวัสดุถักสาน,22,43.91
การผลิตผลิตภัณฑ์จากไม้และไม้ก๊อกซึ่งมิได้จัดประเภทไว้ในที่อื่น,245,4856.025
การผลิตกระดาษและผลิตภัณฑ์ที่แปรรูปจากกระดาษ,0,0.0
การผลิตเยื่อกระดาษ,36,12084.32903
การผลิตกระดาษและกระดาษแข็ง,244,28775.16346
การผลิตกระดาษลอนลูกฟูกและกระดาษแข็งลอนลูกฟูกและ การผลิตกล่องจากกระดาษและกระดาษแข็ง,1351,39522.7268
การผลิตผลิตภัณฑ์ที่แปรรูปจากกระดาษเพื่อใช้ในครัวเรือนและ สุขอนามัย,132,13879.053088
การผลิตอุปกรณ์เครื่องเขียนจากกระดาษ,123,4665.831919
การผลิตผลิตภัณฑ์แปรรูปอื่น ๆ ที่ทำจากกระดาษและกระดาษแข็ง ซึ่งมิได้จัดประเภทไว้ในที่อื่น,190,7370.28
การพิมพ์และการผลิตซ้ำสื่อบันทึก,0,0.0
การพิมพ์และการบริการที่เกี่ยวเนื่องกับการพิมพ์,0,0.0
การพิมพ์,0,0.0
การพิมพ์หนังสือพิมพ์และวารสารอื่น ๆ,223,2952.3559
การพิมพ์ฉลาก,225,1550.6452
การพิมพ์อื่น ๆ ซึ่งมิได้จัดประเภทไว้ในที่อื่น,3816,19328.529274
การบริการก่อนการพิมพ์,584,1733.81
การบริการอื่น ๆ ที่เกี่ยวเนื่องกับการพิมพ์,249,1871.75
การผลิตซ้ำสื่อบันทึก,106,992.2017
การผลิตผลิตภัณฑ์ถ่านโค้ก,25,87.0
การผลิตผลิตภัณฑ์ที่ได้จากโรงกลั่นปิโตรเลียม,123,169320.57206871
การผลิตเชื้อเพลิงชีวภาพ,67,11371.3667
การผลิตผลิตภัณฑ์อื่น ๆ ที่ได้จากการกลั่นปิโตรเลียมซึ่งมิได้ จัดประเภทไว้ในที่อื่น,239,108885.145005
การผลิตเคมีภัณฑ์และผลิตภัณฑ์เคมี,0,0.0
การผลิตเคมีภัณฑ์ขั้นมูลฐานปุ๋ยเคมีและสารประกอบไนโตรเจน พลาสติกและยางสังเคราะห์ขั้นต้น,0,0.0
การผลิตเคมีภัณฑ์ขั้นมูลฐาน,0,0.0
การผลิตก๊าซที่ใช้ในงานอุตสาหกรรม,85,9771.2277
การผลิตสีย้อมผ้าและสีผง,63,3770.32108
การผลิตเคมีภัณฑ์อนินทรีย์ขั้นมูลฐานอื่น ๆ,326,94214.567353
การผลิตแอลกอฮอล์และเอสเตอร์,38,12063.924
การผลิตเคมีภัณฑ์อินทรีย์ขั้นมูลฐานอื่น ๆ,339,22065.99525
การผลิตปุ๋ยเคมีและปุ๋ยที่มีธาตุไนโตรเจนเป็นสารประกอบ,0,0.0
การผลิตปุ๋ยเคมี,951,16408.686554
การผลิตสารประกอบไนโตรเจน,15,479.36
การผลิตพลาสติกและยางสังเคราะห์ขั้นต้น,0,0.0
การผลิตเม็ดพลาสติกและพลาสติกขั้นต้น,707,130323.8024275
การผลิตยางสังเคราะห์ขั้นต้น,37,10574.852038
การผลิตผลิตภัณฑ์เคมีชนิดอื่นๆ,0,0.0
การผลิตยาปราบศัตรูพืชและเคมีภัณฑ์อื่นๆเพื่อการเกษตร,240,5262.407499
การผลิตสีน้ำมันชักเงาและสารเคลือบประเภทเดียวกัน หมึกพิมพ์และน้ำมันทาไม้,0,0.0
การผลิตสีน้ำมันชักเงาและสารเคลือบประเภทเดียวกันและ น้ำมันทาไม้,371,16194.643913
การผลิตหมึกพิมพ์และผงหมึก,80,2541.726
การผลิตสบู่และสารซักฟอกผลิตภัณฑ์ทำความสะอาดและ ขัดเงาน้ำหอมและผลิตภัณฑ์ในห้องน้ำ,0,0.0
การผลิตสบู่และสารซักฟอกผลิตภัณฑ์ที่ใช้ในการทำความสะอาด และขัดเงา,656,37967.0118
การผลิตเครื่องหอม เครื่องสำอาง และผลิตภัณฑ์ในห้องน้ำ,3894,24337.11692748
การผลิตผลิตภัณฑ์ที่เกี่ยวกับระเบิด,17,136.3
การผลิตกาวและเจลาติน,130,4720.08694
การผลิตน้ำมันหอมระเหย,76,362.1
การผลิตเคมีภัณฑ์ที่ใช้ในการถ่ายรูป,5,22.0
การผลิตผลิตภัณฑ์เคมีอื่น ๆ ซึ่งมิได้จัดประเภทไว้ในที่อื่น,715,56855.4305885
การผลิตเส้นใยประดิษฐ์,108,27159.31786
การผลิตเภสัชภัณฑ์และเคมีภัณฑ์ที่ใช้รักษาโรค,849,30245.6771315
การผลิตผลิตภัณฑ์จากพืชและสัตว์ที่ใช้รักษาโรค,1250,9389.598564
การผลิตผลิตภัณฑ์ยางและพลาสติก,0,0.0
การผลิตผลิตภัณฑ์ยาง,0,0.0
การผลิตยางล้อและยางในรวมถึงการหล่อดอกยางและการซ่อม สร้างยางล้อ,0,0.0
การผลิตยางล้อและยางใน,118,98866.52813
การหล่อดอกยางและการซ่อมสร้างยางล้อ,54,1138.69
การผลิตผลิตภัณฑ์ยางชนิดอื่นๆ,2,3.0
การผลิตยางแผ่นและยางแท่ง,182,30362.882924
การผลิตน้ำยางข้น,78,6209.283285
การผลิตสิ่งของเครื่องใช้ด้านสุขอนามัยหรือเภสัชกรรมที่ทำ จากยาง,187,16106.689502
การผลิตผลิตภัณฑ์ยางอื่น ๆ ซึ่งมิได้จัดประเภทไว้ในที่อื่น,738,32509.882175
การผลิตผลิตภัณฑ์พลาสติก,2,4.0
การผลิตผลิตภัณฑ์ที่ใช้ในการก่อสร้าง/ประกอบอาคารที่ทำจากพลาสติก,174,4858.7573
การผลิตบรรจุภัณฑ์พลาสติก,1894,62815.134089
การผลิตผลิตภัณฑ์พลาสติกสำเร็จรูป,531,45198.978869
การผลิตผลิตภัณฑ์พลาสติกอื่นๆซึ่งมิได้จัดประเภทไว้ในที่อื่น,0,0.0
การผลิตเครื่องใช้บนโต๊ะอาหารในครัวและในห้องน้ำที่ทำจากพลาสติก,68,1729.99469
การผลิตผลิตภัณฑ์ไฟเบอร์กลาส,202,3189.01248
การผลิตผลิตภัณฑ์พลาสติกอื่น ๆ ซึ่งมิได้จัดประเภทไว้ในที่อื่น,2618,122773.30704
การผลิตแก้ว/กระจกแผ่น,174,10412.557845
การผลิตภาชนะบรรจุภัณฑ์และเครื่องใช้บนโต๊ะอาหารที่ทำจากแก้ว,44,18910.126699
การผลิตไฟเบอร์กลาส,26,2650.33
การผลิตผลิตภัณฑ์แก้วอื่น ๆ ซึ่งมิได้จัดประเภทไว้ในที่อื่น,62,11764.095
การผลิตผลิตภัณฑ์วัสดุทนไฟ,25,611.2
การผลิตวัสดุก่อสร้างที่วัตถุดิบหลักทำจากดิน,0,0.0
การผลิตอิฐ,162,1501.7271195
การผลิตกระเบื้องปูพื้นและแผ่นเซรามิก,62,6839.9141826
การผลิตเครื่องสุขภัณฑ์เซรามิก,66,10478.6798
การผลิตวัสดุที่ใช้ในการก่อสร้างอื่น ๆ ที่ทำจากดินเหนียวซึ่งมิได้ จัดประเภทไว้ในที่อื่น,35,251.299
การผลิตผลิตภัณฑ์เซรามิกที่เป็นเครื่องใช้บนโต๊ะอาหาร,49,4579.35276275
การผลิตผลิตภัณฑ์ประติมากรรมและของตกแต่งที่ทำจากเซรามิก,213,2335.12030825
การผลิตลูกถ้วยฉนวนไฟฟ้าและอุปกรณ์ประกอบลูกถ้วยฉนวนไฟฟ้าที่ทำจากเซรามิก,31,2428.0
การผลิตผลิตภัณฑ์เครื่องเคลือบปอร์ซเลนและเซรามิกชนิดอื่น ๆ ซึ่งมิได้จัดประเภทไว้ในที่อื่น,109,2080.44
การผลิตปูนซีเมนต์,77,13060.44006
การผลิตปูนไลม์ (ปูนขาว) และปูนปลาสเตอร์,57,1247.5125
การผลิตผลิตภัณฑ์คอนกรีตปูนซีเมนต์และปูนปลาสเตอร์,0,0.0
การผลิตผลิตภัณฑ์คอนกรีตเพื่อใช้ในงานก่อสร้าง,1370,61813.28984815
การผลิตผลิตภัณฑ์ปูนปลาสเตอร์ที่ใช้ในงานก่อสร้าง,39,11173.28787
การผลิตคอนกรีตผสมเสร็จ,940,25845.13091425
การผลิตผลิตภัณฑ์ไฟเบอร์ซีเมนต์,110,7069.5331
การผลิตผลิตภัณฑ์อื่น ๆ ที่ทำจากคอนกรีตซีเมนต์และ ปูนปลาสเตอร์ซึ่งมิได้จัดประเภทไว้ในที่อื่น,144,5239.45374
การตัดการขึ้นรูปและการแต่งสำเร็จหิน,0,0.0
การผลิตผลิตภัณฑ์หินที่ใช้ในการก่อสร้าง,138,3590.906
การผลิตผลิตภัณฑ์อื่น ๆ ที่ทำจากหินซึ่งมิได้จัดประเภทไว้ในที่อื่น,73,2662.45
การผลิตผลิตภัณฑ์ขัดถู,44,1179.2
การผลิตวัสดุที่เป็นฉนวนจากแร่,57,1696.1
การผลิตผลิตภัณฑ์อื่นๆที่ทำจากแร่อโลหะซึ่งมิได้จัดประเภทไว้ในที่อื่น,56,1341.25
การผลิตเหล็กและเหล็กกล้าขั้นมูลฐาน,0,0.0
การผลิตเหล็กและเหล็กกล้าขั้นมูลฐานขั้นต้นและขั้นกลาง,218,28082.008639
การผลิตเหล็กและเหล็กกล้าแผ่น,131,37596.453295
การผลิตหลอดท่อฮอลโลว์โฟรไฟล์และอุปกรณ์ติดตั้งที่เกี่ยวข้องที่ทำจากเหล็กกล้า,75,6620.4992995
การผลิตเหล็กและเหล็กกล้าขั้นมูลฐานอื่น ๆ ซึ่งมิได้จัดประเภทไว้ในที่อื่น,1025,1187248.55917511
การผลิตโลหะมีค่าและโลหะอื่นที่ไม่ไช่เหล็กขั้นมูลฐาน,0,0.0
การผลิตโลหะมีค่า,68,1157.55
การผลิตอะลูมิเนียมและผลิตภัณฑ์อะลูมิเนียม,329,71246.3580925
การผลิตสังกะสีตะกั่วดีบุกและผลิตภัณฑ์ของของดังกล่าว,35,3733.65
การผลิตทองแดงและผลิตภัณฑ์ทองแดง,92,14461.029
การผลิตโลหะสามัญและผลิตภัณฑ์โลหะสามัญอื่น ๆ ที่มิใช่เหล็ก,161,5914.025
การหล่อโลหะ,0,0.0
การหล่อเหล็กและเหล็กกล้า,1,1.0
การหล่อเหล็ก,171,8680.7436
การหล่อเหล็กกล้า,25,518.0
การหล่อโลหะที่ไม่ใช่เหล็กและเหล็กกล้า,246,4408.84
การผลิตผลิตภัณฑ์ที่มีโครงสร้างเป็นโลหะ ถังน้ำขนาดใหญ่ที่เก็บกักน้ำและเครื่องกำเนิดไอน้ำ,0,0.0
การผลิตผลิตภัณฑ์ที่มีโครงสร้างเป็นโลหะ,0,0.0
การผลิตผลิตภัณฑ์ที่มีโครงสร้างเป็นโลหะสำหรับใช้ในงานก่อสร้าง,492,9711.13282525
การผลิตโลหะที่เป็นโครงสร้างของการก่อสร้างอาคาร,213,2973.6
การผลิตประตู หน้าต่าง กรอบประตู หน้าต่าง ประตูใหญ่ และ ผลิตภัณฑ์ที่คล้ายกันที่ทำจากโลหะ,519,8122.555
การผลิตผลิตภัณฑ์อื่นๆ ที่มีโครงสร้างเป็นโลหะ ซึ่งมิได้จัดประเภทไว้ในที่อื่น,524,9433.94874
การผลิตถังน้ำขนาดใหญ่(ที่มีความจุเกิน 300 ลิตร) ที่เก็บกักน้ำและภาชนะบรรจุที่ทำ จากโลหะ,0,0.0
การผลิตหม้อน้ำสำหรับการทำความร้อนจากส่วนกลางและเครื่องระบายความร้อน,22,928.22484
การผลิตภาชนะบรรจุสิ่งของที่ทำจากโลหะ เพื่อเก็บก๊าซอัดหรือ ก๊าซเหลว,45,1871.008983
การผลิตถังน้ำขนาดใหญ่ (ที่มีความจุเกิน 300 ลิตร) ที่เก็บกักน้ำและภาชนะบรรจุที่ทำ จากโลหะ ซึ่งมิได้จัดประเภทไว้ในที่อื่น,124,1773.6992
การผลิตเครื่องกำเนิดไอน้ำยกเว้นหม้อต้มน้ำร้อนสำหรับ ทำความร้อนจากส่วนกลาง,28,531.336
การผลิตกระสุนและวัตถุระเบิด,10,395.80264
การผลิตอาวุธหนัก อาวุธปืน รวมถึงอาวุธอื่นๆ ซึ่งมิได้จัดประเภทไว้ในที่อื่น,54,585.0981
การผลิตผลิตภัณฑ์โลหะประดิษฐ์ชนิดอื่นๆ กิจกรรมบริการงาน โลหะ,0,0.0
การผลิตผลิตภัณฑ์โลหะโดยวิธีการตี การอัด การตอกพิมพ์และ การรีด การผสมโลหะผง,384,28132.95733
การปรับสภาพและการเคลือบโลหะ การกัดกลึงขึ้นรูป,0,0.0
การตกแต่งและการเคลือบโลหะ,1043,17254.9674
การกลึงกัดไสโลหะ,4309,13090.245772
การผลิตเครื่องตัด,29,384.9
การผลิตกุญแจและบานพับ,59,2467.4776
การผลิตเครื่องมือที่ใช้งานด้วยมือและเครื่องโลหะทั่วไปซึ่งมิได้จัดประเภทไว้ในที่อื่น,335,14783.0839
การผลิตถัง กระป๋องถังกลมขนาดใหญ่ (ที่มีความจุไม่เกิน 300 ลิตร) และภาชนะบรรจุที่คล้ายกันที่ทำจากโลหะ,0,0.0
การผลิตถังถังกลมขนาดใหญ่ (ที่มีความจุไม่เกิน 300 ลิตร) และภาชนะบรรจุที่คล้ายกันที่ทำจากโลหะ,48,1320.15
การผลิตกระป๋องโลหะและบรรจุภัณฑ์อื่นๆที่ทำจากโลหะซึ่งมิได้จัดประเภทไว้ในที่อื่น,87,12949.11
การผลิตของที่ทำจากลวด โซ่ ลวดสปริง สลักเกลียว และ ตะปูควง,0,0.0
การผลิตลวด เคเบิลและของที่ทำจากลวด,156,3663.77
การผลิตโซ่ ลวดสปริง สลักเกลียว และตะปูควง,332,14707.38534
การผลิตผลิตภัณฑ์โลหะประดิษฐ์ซึ่งมิได้จัดประเภทไว้ในที่อื่น,0,0.0
การผลิตเครื่องสุขภัณฑ์ที่ทำจากโลหะ,35,1882.8073
การผลิตเครื่องใช้ในครัวเรือนที่ทำจากโลหะ,237,9354.30048
การผลิตตู้นิรภัยและเครื่องใช้สำนักงานที่ทำจากโลหะ (ยกเว้น เฟอร์นิเจอร์),42,1524.52
การผลิตผลิตภัณฑ์โลหะประดิษฐ์อื่นๆซึ่งมิได้จัดประเภทไว้ในที่อื่น,1005,39015.629704
การผลิตผลิตภัณฑ์คอมพิวเตอร์ อิเล็กทรอนิกส์ และอุปกรณ์ทางทัศนศาสตร์,0,0.0
การผลิตชิ้นส่วนอุปกรณ์แสดงภาพ,23,2287.45
การผลิตตัวเก็บประจุและตัวต้านทานสำหรับวงจรอิเล็กทรอนิกส์,23,5748.95
การผลิตแผ่นวงจรอิเล็กทรอนิกส์,184,86383.02862
การผลิตอุปกรณ์กึ่งตัวนำและวงจรรวม,112,15680.0215
การผลิตส่วนประกอบอิเล็กทรอนิกส์อื่นๆซึ่งมิได้จัดประเภทไว้ในที่อื่น,1007,161427.8628644
การผลิตคอมพิวเตอร์และ/หรือการประกอบคอมพิวเตอร์,262,10835.86
การผลิตอุปกรณ์จัดเก็บข้อมูล,19,1800.55
การผลิตจอคอมพิวเตอร์,5,4785.55
การผลิตอุปกรณ์ต่อพ่วงอื่นๆซึ่งมิได้จัดประเภทไว้ในที่อื่น,77,50668.3912
การผลิตโทรศัพท์และโทรสารแบบใช้สาย,23,1920.5
การผลิตอุปกรณ์สื่อสารแบบไร้สาย,54,2217.6069
การผลิตอุปกรณ์สื่อสารข้อมูลที่ใช้ในการส่งสัญญาณอิเล็กทรอนิกส์ไปตามสายหรือออกอากาศ,108,17248.29155
การผลิตอุปกรณ์สื่อสารอื่นๆซึ่งมิได้จัดประเภทไว้ในที่อื่น,94,16123.33
การผลิตเครื่องอิเล็กทรอนิกส์สำหรับผู้บริโภค,0,0.0
การผลิตเครื่องรับโทรทัศน์,22,1154.5
การผลิตเครื่องรับวิทยุเครื่องบันทึกและทำสำเนาเสียงและภาพ,26,414.225
การผลิตไมโครโฟนลำโพงและเครื่องขยายเสียง,108,3442.3
การผลิตเครื่องใช้อิเล็กทรอนิกส์อื่นๆชนิดใช้ในครัวเรือน ซึ่งมิได้จัดประเภทไว้ในที่อื่น,45,2039.88
การผลิตเครื่องมือที่ใช้ในการวัดการทดสอบการนำร่องและอุปกรณ์การควบคุม (ยกเว้น ในทางอุตสาหกรรม),144,3578.0975
การผลิตเครื่องมือใช้ในการวัด การทดสอบ และการควบคุมกระบวนการผลิตในทางอุตสาหกรรม,111,817.1321
การผลิตนาฬิกา,29,3970.5
การผลิตผลิตภัณฑ์อื่นๆที่มีเครื่องนาฬิกาประกอบอยู่,1,1.0
การผลิตเครื่องฉายรังสี และเครื่องมืออิเล็กทรอนิกส์ทางการแพทย์และทางการบำบัดรักษา,41,784.6
การผลิตเลนส์,29,13711.22
การผลิตเครื่องมือทางทัศนศาสตร์ (ยกเว้น เลนส์),11,358.0
การผลิตอุปกรณ์เกี่ยวกับการถ่ายภาพและถ่ายภาพยนตร์,43,2239.2
การผลิตสื่อแม่เหล็ก และสื่อเชิงแสง,4,7.6
การผลิตอุปกรณ์ไฟฟ้า,0,0.0
การผลิตมอเตอร์ไฟฟ้าเครื่องกำเนิดไฟฟ้าหม้อแปลงไฟฟ้า และอุปกรณ์ควบคุมและจ่ายไฟฟ้า,0,0.0
การผลิตมอเตอร์ไฟฟ้าและเครื่องกำเนิดไฟฟ้า,217,30421.28456675
การผลิตหม้อแปลงไฟฟ้า,118,7833.2155064
การผลิตอุปกรณ์ควบคุมและจ่ายไฟฟ้า,293,18657.3511
การผลิตแบตเตอรี่และหม้อสะสมไฟฟ้า,135,17293.7827
การผลิตสายไฟฟ้าและอุปกรณ์การเดินสายไฟฟ้า,0,0.0
การผลิตเคเบิลเส้นใยนำแสง,24,3281.51
การผลิตสายไฟฟ้าและเคเบิลสำหรับงานไฟฟ้าและอิเล็กทรอนิกส์ อื่นๆ,198,16815.07631
การผลิตอุปกรณ์การเดินสายไฟฟ้า,112,6856.389601
การผลิตหลอดไฟฟ้า,122,7512.079075
การผลิตอุปกรณ์ไฟฟ้าอื่นๆสำหรับให้แสงสว่าง,216,8523.566538
การผลิตเครื่องใช้ไฟฟ้าชนิดใช้ในครัวเรือน (ยกเว้นประเภทผลิต ความร้อนด้วยไฟฟ้า),433,65148.81876
การผลิตเครื่องใช้ในครัวเรือนประเภทผลิตความร้อนด้วยไฟฟ้า,137,11626.4734095
การผลิตเครื่องใช้ในครัวเรือนประเภทผลิตความร้อนที่ไม่ต้องใช้ไฟฟ้า,33,432.55
การผลิตเครื่องใช้ไฟฟ้าชนิดอื่นๆ,0,0.0
การผลิตเครื่องจ่ายไฟฟ้าต่อเนื่อง,17,2037.800581
การผลิตอุปกรณ์ให้สัญญาณแบบไฟฟ้า,76,1125.35
การผลิตอุปกรณ์ไฟฟ้าอื่นๆซึ่งมิได้จัดประเภทไว้ในที่อื่น การผลิตเครื่องจักรและเครื่องมือซึ่งมิได้จัดประเภทไว้ในที่อื่น,781,19502.027172
การผลิตเครื่องจักรและเครื่องมือ ซึ่งมิได้จัดประเภทไว้ในที่อื่น,1,2.0
การผลิตเครื่องจักรที่ใช้งานทั่วไป,1,2.0
การผลิตเครื่องยนต์และเครื่องกังหันยกเว้นเครื่องยนต์ที่ใช้กับอากาศยานยานยนต์และจักรยานยนต์,44,1987.0
การผลิตเครื่องสูบของไหล,54,6833.95
การผลิตเครื่องสูบ คอมเพรสเซอร์ ก๊อกน้ำและวาล์วอื่นๆ,0,0.0
การผลิตเครื่องสูบอื่นๆและคอมเพรสเซอร์,66,9928.441
การผลิตก๊อกและวาล์วอื่นๆ,79,6059.2992
การผลิตตลับลูกปืนเกียร์และอุปกรณ์ที่ใช้ขับเคลื่อน,54,29214.49026
การผลิตเตาอบเตาหลอมและเตาเผา,140,1385.36
การผลิตอุปกรณ์ที่ใช้สำหรับยกและขนย้าย,300,8522.979335
การผลิตเครื่องจักรและเครื่องใช้สำนักงาน (ยกเว้นคอมพิวเตอร์ และอุปกรณ์ต่อพ่วง),127,6562.795
การผลิตเครื่องมือที่ใช้พลังงานขับเคลื่อน,28,694.824
การผลิตเครื่องทำความเย็น,478,29573.24370375
การผลิตเครื่องจักรอื่นๆที่ใช้งานทั่วไปซึ่งมิได้จัดประเภทไว้ในที่อื่น,3500,51077.002535
การผลิตเครื่องจักรที่ใช้ในงานเฉพาะอย่าง,0,0.0
การผลิตเครื่องจักรที่ใช้ในการเกษตรและการป่าไม้,0,0.0
การผลิตรถแทรกเตอร์ที่ใช้ในงานเกษตรและงานป่าไม้,43,4937.7
การผลิตเครื่องจักรอื่นๆที่ใช้ในทางการเกษตรและการป่าไม้ (ยกเว้นแทรกเตอร์ที่ใช้ในทางการเกษตรและงานป่าไม้),326,4083.23
การผลิตเครื่องจักรที่ใช้ในการขึ้นรูปโลหะและเครื่องมือกล,0,0.0
การผลิตเครื่องจักรที่ใช้ในการขึ้นรูปโลหะ,481,7783.98764
การผลิตเครื่องมือกลอื่นๆซึ่งมิได้จัดประเภทไว้ในที่อื่น,287,6248.84
การผลิตเครื่องจักรสำหรับงานโลหะกรรม,946,16084.7364
การผลิตเครื่องจักรสำหรับการทำเหมืองแร่เหมืองหินและ การก่อสร้าง,128,7429.037
การผลิตเครื่องจักรที่ใช้ในกระบวนการผลิตอาหารเครื่องดื่มและ ยาสูบ,128,1036.8
การผลิตเครื่องจักรที่ใช้ในการเตรียมปั่นทอและถักนิตสิ่งทอ,11,23.65
การผลิตเครื่องจักรอื่นๆที่ใช้ในการผลิตสิ่งทอเครื่องแต่งกาย และเครื่องหนัง,23,369.3
การผลิตเครื่องจักรเพื่อใช้ในงานเฉพาะอย่างอื่นๆ,1,1.0
การผลิตเครื่องจักรเพื่อใช้ในการผลิตกระดาษและกระดาษแข็ง,11,251.0
การผลิตเครื่องจักรเพื่อใช้งานกับยางหรือพลาสติก,133,1900.7754
การผลิตเครื่องจักรเพื่อใช้งานเฉพาะอย่างอื่นๆซึ่งมิได้จัดประเภทไว้ในที่อื่น,1172,22766.907572
การผลิตยานยนต์,0,0.0
การผลิตเครื่องยนต์สำหรับยานยนต์,46,8876.6
การผลิตรถยนต์ส่วนบุคคล,131,71609.8472
การผลิตรถกระบะ1ตัน,10,8509.5
การผลิตยานยนต์อื่นๆที่ใช้เพื่อการโดยสาร,31,3882.090999
การผลิตยานยนต์อื่นๆซึ่งมิได้จัดประเภทไว้ในที่อื่น,199,16969.531
การผลิตตัวถังยานยนต์,153,5869.097653
การผลิตรถพ่วงและรถกึ่งรถพ่วง,100,29220.081775
การผลิตตู้บรรทุกสินค้า,91,949.3
การผลิตชิ้นส่วน และอุปกรณ์เสริม สำหรับยานยนต์,0,0.0
การผลิตที่นั่งภายในยานยนต์,69,6934.500274
การผลิตอุปกรณ์ไฟฟ้าสำหรับยานยนต์,71,6320.2589
การผลิตชิ้นส่วนและอุปกรณ์เสริมอื่นๆสำหรับยานยนต์ซึ่งมิได้จัดประเภทไว้ในที่อื่น,2079,283852.9883065
การต่อเรือใหญ่ และเรือเล็ก,0,0.0
การต่อเรือใหญ่ และสิ่งก่อสร้างลอยน้ำ,222,26655.601856
การต่อเรือที่ใช้เพื่อความสำราญและการกีฬา,30,180.0
การผลิตหัวรถจักรและตู้สำหรับขนส่งทางรถไฟหรือรถราง,20,858.2
การผลิตอากาศยานยานอวกาศและเครื่องจักรที่เกี่ยวข้อง,66,3595.2885
การผลิตยานยนต์ทางการทหารเพื่อใช้ในการสู้รบ,2,40.0
การผลิตอุปกรณ์ขนส่งซึ่งมิได้จัดประเภทไว้ในที่อื่น,0,0.0
การผลิตจักรยานยนต์,88,11813.8425406
การผลิตเครื่องยนต์ ชิ้นส่วนและอุปกรณ์เสริมสำหรับจักรยานยนต์,202,5768.522
การผลิตจักรยาน,65,2589.916
การผลิตรถสำหรับคนพิการ,2,6.0
การผลิตอุปกรณ์การขนส่งอื่นๆซึ่งมิได้จัดประเภทไว้ในที่อื่น,76,1218.089999
การผลิตเฟอร์นิเจอร์,1,2.0
การผลิตเฟอร์นิเจอร์ไม้,940,15233.951299
การผลิตเฟอร์นิเจอร์โลหะ,202,4185.9288
การผลิตฐานรองที่นอนและที่นอน,209,4262.2853
การผลิตเฟอร์นิเจอร์ที่ทำจากวัสดุอื่นๆ (ยกเว้น หิน คอนกรีต หรือเซรามิก),1925,30976.893533
การผลิตผลิตภัณฑ์ประเภทอื่นๆ,1,1.0
การผลิตเครื่องประดับอัญมณีเครื่องประดับเพชรพลอยและ สิ่งของอื่นๆที่เกี่ยวข้อง,2,10.0
การผลิตเครื่องประดับอัญมณีและสิ่งของอื่นๆที่เกี่ยวข้อง,0,0.0
การผลิตเครื่องประดับจากอัญมณีและโลหะมีค่า,1472,22212.55737
การผลิตสิ่งของเครื่องใช้จากเพชรพลอยและโลหะมีค่า,37,557.1
การเจียระไนและการขัดเพชรพลอย,73,1505.86
การผลิตเครื่องประดับ ที่ทำจากอัญมณีเทียมและสิ่งของที่เกี่ยวข้อง,160,1301.525
การผลิตเครื่องดนตรี,0,0.0
การผลิตเครื่องดนตรีไทย,6,14.0
การผลิตเครื่องดนตรี ซึ่งมิได้จัดประเภทไว้ในที่อื่น,25,304.1
การผลิตเครื่องกีฬา,0,0.0
การผลิตลูกบอลที่ใช้ในการกีฬา,8,928.9175
การผลิตกระดานแล่นใบและกระดานโต้คลื่นและอุปกรณ์สำหรับเล่นกีฬาทางน้ำ,25,603.18368
การผลิตอุปกรณ์สำหรับกีฬาตกปลา,49,532.1
การผลิตอุปกรณ์กีฬาอื่นๆซึ่งมิได้จัดประเภทไว้ในที่อื่น,240,5930.98929
การผลิตของเล่นที่มีล้อ,16,401.0
การผลิตตุ๊กตา,63,487.7
การผลิตเกมและของเล่นอื่นๆซึ่งมิได้จัดประเภทไว้ในที่อื่น,152,1682.88746
การผลิตเครื่องมือและอุปกรณ์ทางการแพทย์และทางทันตกรรม,0,0.0
การผลิตเครื่องมือและอุปกรณ์ในทางการแพทย์ (ยกเว้นทางทันตกรรม),943,26682.6857
การผลิตเครื่องมือและอุปกรณ์ในทางทันตกรรม,162,892.695
การผลิตผลิตภัณฑ์อื่นๆซึ่งมิได้จัดประเภทไว้ในที่อื่น,0,0.0
การผลิตไม้กวาดและแปรง,45,324.6
การผลิตอุปกรณ์เครื่องเขียน,145,1931.4524
การผลิตเครื่องอุปกรณ์ด้านความปลอดภัย,114,2411.44918
การผลิตดอกไม้และต้นไม้ประดิษฐ์,173,844.2535
การผลิตผลิตภัณฑ์อื่นๆซึ่งมิได้จัดประเภทไว้ในที่อื่น,1748,21021.53415
การซ่อมและการติดตั้งเครื่องจักรและอุปกรณ์,2,2.0
การซ่อมผลิตภัณฑ์โลหะประดิษฐ์,103,565.716
การซ่อมเครื่องจักร,0,0.0
การซ่อมเครื่องจักรที่ใช้งานทั่วไป,2379,6204.051176
การซ่อมเครื่องจักรที่ใช้งานเฉพาะอย่าง,823,3889.7985
การซ่อมอุปกรณ์อิเล็กทรอนิกส์และอุปกรณ์ทางทัศนศาสตร์,0,0.0
การซ่อมและบำรุงรักษาเครื่องมือที่ใช้ในการวัดการทดสอบการนำร่องและอุปกรณ์การควบคุม,102,1316.3413
การซ่อมและบำรุงรักษาเครื่องฉายรังสีและเครื่องมืออิเล็กทรอนิกส์ทางการแพทย์และทางการบำบัดรักษา,138,194.5
การซ่อมและบำรุงรักษาเครื่องมือทางทัศนศาสตร์และอุปกรณ์ทางถ่ายภาพ,11,397.8
การซ่อมอุปกรณ์ไฟฟ้า,0,0.0
การซ่อมมอเตอร์ไฟฟ้าเครื่องกำเนิดไฟฟ้าหม้อแปลงไฟฟ้าและอุปกรณ์ควบคุมและจ่ายไฟฟ้า,428,1524.663888
การซ่อมแบตเตอรี่และหม้อสะสมไฟฟ้า,24,98.5317
การซ่อมอุปกรณ์ไฟฟ้าอื่นๆซึ่งมิได้จัดประเภทไว้ในที่อื่น,364,1055.905
การซ่อมเรือ,309,1661.67111
การซ่อมอากาศยาน,91,4434.4396
การซ่อมอุปกรณ์ขนส่งอื่นๆซึ่งมิได้จัดประเภทไว้ในที่อื่น (ยกเว้น ยานยนต์),119,520.76
การซ่อมอุปกรณ์อื่นๆ,196,1663.05
การติดตั้งเครื่องจักรอุตสาหกรรมและอุปกรณ์,3143,13664.63908
ไฟฟ้าก๊าซไอน้ำและระบบการปรับอากาศ,0,0.0
การผลิต การส่งและการจ่ายกระแสไฟฟ้า,1,1.0
การผลิตและการส่งไฟฟ้า,4030,812833.2604116
การจ่ายไฟฟ้า,172,39521.72
การผลิตก๊าซการจ่ายเชื้อเพลิงก๊าซผ่านท่อหลัก,0,0.0
การผลิตก๊าซ,121,3591.3408
การจ่ายเชื้อเพลิงก๊าซผ่านท่อหลัก,45,3358.4
การผลิตน้ำแข็งชนิดไม่ใช้เพื่อการบริโภค,62,600.75
การจัดหาไอน้ำและระบบการปรับอากาศ (ยกเว้นการผลิตน้ำแข็ง ชนิดไม่ใช้เพื่อการบริโภค),62,1408.5
การเก็บกักน้ำ,9,8.6
การจัดหาน้ำและการจ่ายน้ำสำหรับใช้ในครัวเรือนและอุตสาหกรรม ผ่านระบบประปา,219,31722.861139
การจัดหาน้ำและการจ่ายน้ำสำหรับใช้ในการเกษตร,20,23.22
การจัดหาและการจ่ายน้ำอื่นๆซื่งมิได้จัดประเภทไว้ในที่อื่น,46,234.6
การจัดการน้ำเสีย,368,5625.4602
การเก็บรวบรวมของเสียที่ไม่เป็นอันตราย,430,7990.1821
การเก็บรวบรวมของเสียที่เป็นอันตราย,49,583.01
การบำบัดและการกำจัดของเสีย,0,0.0
การบำบัดและการกำจัดของเสียที่ไม่เป็นอันตราย,0,0.0
การบำบัดและการกำจัดของเสียที่ไม่เป็นอันตรายโดยการฝังกลบ อย่างถูกสุขอนามัย,97,6296.66574475
การบำบัดและการกำจัดของเสียที่ไม่เป็นอันตรายโดยการเผาด้วยเตาเผาขยะ,70,3731.2143
การบำบัดและการกำจัดของเสียที่ไม่เป็นอันตรายโดยวิธีชีวภาพ,100,1457.71
การบำบัดและการกำจัดของเสียที่ไม่เป็นอันตรายโดยวิธีอื่นๆซึ่งมิได้จัดประเภทไว้ในที่อื่น,185,7225.588625
การบำบัดและการกำจัดกากสารกัมมันตรังสี,3,12.0
การบำบัดและการกำจัดของเสียที่เป็นอันตรายยกเว้นกากสารกัมมันตรังสี,59,1018.6
การนำวัสดุที่ใช้แล้วกลับมาใช้ใหม่,1097,13213.398545
กิจกรรมการบำบัดและการจัดบริการเก็บของเสียอื่นๆ,109,617.7
การก่อสร้างอาคาร,82,237.75
การก่อสร้างอาคารที่พักอาศัย,18610,187594.60521326
การก่อสร้างอาคารที่ไม่ใช่ที่พักอาศัย,57900,462283.007373
งานวิศวกรรมโยธา,2,3.0
การก่อสร้างถนนและทางรถไฟ,1,1.0
การก่อสร้างถนนสะพานและอุโมงค์,2969,74263.574514
การก่อสร้างทางรถไฟและรถใต้ดิน,94,1875.1972
การก่อสร้างโครงการสาธารณูปโภค,8,9.7
การก่อสร้างโครงการสาธารณูปโภคเกี่ยวกับน้ำน้ำมันและก๊าซ,829,13170.476228
การก่อสร้างโครงการสาธารณูปโภคเกี่ยวกับสายส่งไฟฟ้ากำลังและสายสัญญาณสื่อสาร,1215,17143.665423
การก่อสร้างโครงการวิศวกรรรมโยธาอื่นๆ,12,318.0
การก่อสร้างระบบสาธารณูปโภคสิ่งอำนวยความสะดวก (ยกเว้นตัวอาคารของโรงงานอุตสาหกรรม) และโครงการวิศวกรรมโยธาอื่นๆที่เกี่ยวข้องในน้ำ,588,26445.010661
การก่อสร้างโครงการวิศวกรรมโยธาอื่นๆซึ่งมิได้จัดประเภทไว้ในที่อื่น,1568,54309.1153751
งานก่อสร้างเฉพาะทาง,0,0.0
การรื้อถอนและการเตรียมสถานที่ก่อสร้าง,0,0.0
การรื้อถอน,308,1183.4
การเตรียมสถานที่ก่อสร้าง,2044,11982.4401
กิจกรรมการติดตั้งไฟฟ้าระบบท่อและสิ่งก่อสร้างอื่นๆ,1,1.0
การติดตั้งไฟฟ้า,13220,50703.579355
การติดตั้งระบบท่อระบบทำความร้อนและระบบปรับอากาศ,2,2.0
การติดตั้งระบบประปาและระบายน้ำ,1486,7009.179
การติดตั้งระบบทำความร้อน,195,1522.985179
การติดตั้งระบบระบายอากาศ,2722,6526.483838
การติดตั้งสิ่งก่อสร้างอื่นๆ,0,0.0
การติดตั้งฉนวน,194,454.606
การติดตั้งสิ่งก่อสร้างอื่นๆซึ่งมิได้จัดประเภทไว้ในที่อื่น,1968,10876.335392
การตกแต่งอาคารให้เสร็จสมบูรณ์,0,0.0
การติดตั้งส่วนประกอบอาคารและการตกแต่งภายใน,2891,7397.126119
การปูพื้นและผนัง,460,1382.5
การทาสี,345,1224.85
การตกแต่งอาคารให้เสร็จสมบูรณ์อื่นๆซึ่งมิได้จัดประเภทไว้ในที่อื่น,1117,2679.72
กิจกรรมการก่อสร้างเฉพาะด้านอื่นๆ,0,0.0
การก่อสร้างฐานรากรวมถึงการตอกเสาเข็ม,665,3857.8214375
กิจกรรมการก่อสร้างเฉพาะด้านอื่นๆซึ่งมิได้จัดประเภทไว้ในที่อื่น,4263,21870.56626725
การขายส่งการขายปลีกการซ่อมยานยนต์และจักรยานยนต์,2,1.72
การขายยานยนต์,1,10.0
การขายยานยนต์ใหม่ชนิดรถยนต์นั่งส่วนบุคคลรถกระบะรถตู้ และรถขนาดเล็กที่คล้ายกัน,4543,131129.97
การขายยานยนต์ใหม่ชนิดรถบรรทุกและยานยนต์หนักอื่นๆ,440,17869.508588
การขายยานยนต์เก่าชนิดรถยนต์นั่งส่วนบุคคลรถกระบะรถตู้และรถขนาดเล็กที่คล้ายกัน,1754,7922.805
การขายยานยนต์เก่าชนิดรถบรรทุกและยานยนต์หนักอื่นๆ,116,1020.99
การบำรุงรักษาและการซ่อมยานยนต์,0,0.0
การบำรุงรักษาและการซ่อมระบบเครื่องยนต์และชิ้นส่วนยานยนต์,5117,15509.026359
การบำรุงรักษาและการซ่อมตัวถังประตูหน้าต่างและอื่นๆที่คล้ายกัน,1325,3246.9974
การบำรุงรักษายานยนต์ทั่วไป,1444,3435.6843
การขายชิ้นส่วนและอุปกรณ์เสริมของยานยนต์,0,0.0
การขายส่งชิ้นส่วนและอุปกรณ์เสริมใหม่ของยานยนต์,3498,46322.3291
การขายปลีกชิ้นส่วนและอุปกรณ์เสริมใหม่ของยานยนต์,6189,34143.298439
การขายส่งและขายปลีกชิ้นส่วนและอุปกรณ์เสริมเก่าของยานยนต์,722,1952.15
การขายการบำรุงรักษาและการซ่อมจักรยานยนต์ชิ้นส่วนและอุปกรณ์เสริมที่เกี่ยวเนื่อง,0,0.0
การขายจักรยานยนต์,2804,33615.77903177
การขายส่งชิ้นส่วนและอุปกรณ์เสริมใหม่ของจักรยานยนต์,399,2022.599888
การขายปลีกชิ้นส่วนและอุปกรณ์เสริมใหม่ของจักรยานยนต์,587,1116.817142
การขายส่งและปลีกชิ้นส่วนและอุปกรณ์เสริมเก่าของจักรยานยนต์,56,646.3
การบำรุงรักษาและการซ่อมจักรยานยนต์,206,333.371
การขายส่งยกเว้นยานยนต์และจักรยานยนต์,0,0.0
การขายส่งโดยได้รับค่าตอบแทนหรือตามสัญญาจ้าง,0,0.0
การขายส่งวัตถุดิบทางการเกษตรและสัตว์มีชีวิตโดยได้รับค่าตอบแทนหรือตามสัญญาจ้าง,1348,8015.6363
การขายส่งอาหารเครื่องดื่มและยาสูบโดยได้รับค่าตอบแทนหรือตามสัญญาจ้าง,2136,6792.85209
การขายส่งสิ่งทอเสื้อผ้ารองเท้าเครื่องหนังและของใช้ในครัวเรือนโดยได้รับค่าตอบแทนหรือตามสัญญาจ้าง,2660,9579.93632298
การขายส่งคอมพิวเตอร์และซอฟต์แวร์อุปกรณ์อิเล็กทรอนิกส์และเครื่องมือสื่อสารโดยได้รับค่าตอบแทนหรือตามสัญญาจ้าง,1326,15818.77439899
การขายส่งเครื่องจักรอุตสาหกรรมโดยได้รับค่าตอบแทนหรือตามสัญญาจ้าง,1298,17333.2475
การขายส่งเชื้อเพลิงสินแร่โลหะโดยได้รับค่าตอบแทนหรือตามสัญญาจ้าง,376,13371.65043
การขายส่งวัสดุที่ใช้ในการก่อสร้างผลิตภัณฑ์โลหะอุปกรณ์ระบบท่อโดยได้รับค่าตอบแทนหรือตามสัญญาจ้าง,1238,5384.683387
การขายส่งสินค้าเฉพาะอย่างอื่นๆซึ่งมิได้จัดประเภทไว้ในที่อื่นโดยได้รับค่าตอบแทนหรือตามสัญญาจ้าง,868,5380.22087975
การขายส่งสินค้าทั่วไปโดยได้รับค่าตอบแทนหรือตามสัญญาจ้าง,8989,30314.28380966
การขายส่งวัตถุดิบทางการเกษตรและสัตว์มีชีวิต,1,1.0
การขายส่งข้าวเปลือกและธัญพืชอื่นๆ,1978,25800.724143
การขายส่งพืชน้ำมันที่ใช้ในการผลิตน้ำมันพืช,260,3713.084349
การขายส่งยาสูบที่ยังไม่เป็นผลิตภัณฑ์สำเร็จรูป,19,81.8
การขายส่งสัตว์มีชีวิต,813,5779.362
การขายส่งดอกไม้ต้นไม้และเมล็ดพันธุ์พืช,927,5242.3278
การขายส่งอาหารสัตว์,2003,83532.48074063
การขายส่งวัตถุดิบอื่นๆทางการเกษตรซึ่งมิได้จัดประเภทไว้ในที่อื่น,4364,24575.068615
การขายส่งอาหารเครื่องดื่มและยาสูบ,0,0.0
การขายส่งอาหาร,1,0.3
การขายส่งเนื้อสัตว์และผลิตภัณฑ์เนื้อสัตว์,1402,8794.9166
การขายส่งปลาและผลิตภัณฑ์สัตว์น้ำ,1456,8633.600301
การขายส่งผักและผลไม้,3975,24107.6759
การขายส่งผลิตภัณฑ์นม,750,2992.67
การขายส่งข้าวและผลิตภัณฑ์ที่ได้จากการโรงสีข้าว,1137,37346.88561
การขายส่งผลิตภัณฑ์ขนมอบไข่น้ำมันและไขมันที่ใช้ในการบริโภค,354,3282.7763
การขายส่งน้ำตาลช็อกโกแลตและลูกกวาด,194,4698.2126
การขายส่งกาแฟชาโกโก้,970,5755.659416
การขายส่งผลิตภัณฑ์อาหารอื่นๆซึ่งมิได้จัดประเภทไว้ในที่อื่น,5378,35409.5411545
การขายส่งเครื่องดื่มและยาสูบ,0,0.0
การขายส่งเครื่องดื่มที่มีแอลกอฮอล์,1562,17458.834284
การขายส่งเครื่องดื่มที่ไม่มีแอลกอฮอล์,872,8970.90318
การขายส่งผลิตภัณฑ์ยาสูบ,235,9478.5365
การขายส่งสินค้าในครัวเรือน,0,0.0
การขายส่งสิ่งทอเสื้อผ้าและรองเท้า,0,0.0
การขายส่งด้ายและผ้า,1717,11331.5918
การขายส่งของใช้ในครัวเรือนที่ทำจากสิ่งทอ,492,4649.2818
การขายส่งอุปกรณ์ตัดเย็บ,64,239.1
การขายส่งเสื้อผ้า,2793,14033.70701
การขายส่งรองเท้า,280,3761.7925
การขายส่งเครื่องใช้ไฟฟ้าและอิเล็กทรอนิกส์ชนิดใช้ในครัวเรือน,0,0.0
การขายส่งเครื่องใช้ไฟฟ้าและอิเล็กทรอนิกส์ชนิดใช้ในครัวเรือน,3046,24471.482375
การขายส่งอุปกรณ์สำหรับให้แสงสว่าง,664,3440.4793
การขายส่งหนังสือหนังสือพิมพ์และเครื่องเขียน,1672,7774.3742
การขายส่งสื่อบันทึกเสียงและวีดิทัศน์ที่บันทึกข้อมูลแล้ว,91,1344.7
การขายส่งเครื่องกีฬา,899,3946.8381
การขายส่งเกมและของเล่น,551,1729.8462
การขายส่งสินค้าวัฒนธรรมและนันทนาการอื่นๆซึ่งมิได้จัดประเภทไว้ในที่อื่น,515,2091.6896
การขายส่งสินค้าทางเภสัชภัณฑ์และทางการแพทย์เครื่องหอมและเครื่องสำอาง,0,0.0
การขายส่งสินค้าทางเภสัชภัณฑ์และทางการแพทย์,7075,75154.448427
การขายส่งเครื่องหอม,337,2126.9739
การขายส่งเครื่องสำอาง,4907,19791.084164
การขายส่งสินค้าในครัวเรือนอื่นๆ,0,0.0
การขายส่งอุปกรณ์ถ่ายภาพและทัศนศาสตร์,242,2098.9962
การขายส่งนาฬิกาและเครื่องประดับ,2000,29089.94321
การขายส่งเครื่องหนังและเครื่องใช้สำหรับการเดินทาง,362,1441.601
การขายส่งเฟอร์นิเจอร์ชนิดใช้ในครัวเรือน,1508,10944.2829
การขายส่งเครื่องดินเผาเครื่องแก้วและเครื่องครัว,341,1560.01
การขายส่งสินค้าในครัวเรือนอื่นๆซึ่งมิได้จัดประเภทไว้ในที่อื่น,1835,7978.85408
การขายส่งเครื่องจักรอุปกรณ์และเครื่องมือเครื่องใช้ต่างๆ,0,0.0
การขายส่งคอมพิวเตอร์อุปกรณ์ต่อพ่วงคอมพิวเตอร์และซอฟต์แวร์,2800,22346.2554615
การขายส่งอุปกรณ์และชิ้นส่วนทางอิเล็กทรอนิกส์และทางการสื่อสารโทรคมนาคม,1,0.5
การขายส่งอุปกรณ์และชิ้นส่วนอิเล็กทรอนิกส์,3104,29621.7188
การขายส่งโทรศัพท์และอุปกรณ์การสื่อสารโทรคมนาคม,1821,22201.8569723
การขายส่งเครื่องจักรอุปกรณ์และเครื่องใช้ทางการเกษตร,2355,17135.620158
การขายส่งเครื่องจักรและอุปกรณ์อื่นๆ,0,0.0
การขายส่งอุปกรณ์ขนส่ง (ยกเว้นยานยนต์จักรยานยนต์และจักรยาน),711,6374.1959
การขายส่งเครื่องจักรและอุปกรณ์งานวิศวกรรมโยธางานเหมืองแร่และงานก่อสร้าง,1092,14121.452387
การขายส่งเครื่องจักรและอุปกรณ์เพื่อใช้ในงานอุตสาหกรรม,6500,29955.7922
การขายส่งเครื่องจักรอุปกรณ์และเฟอร์นิเจอร์ชนิดใช้ในสำนักงาน,910,4747.1622
การขายส่งเครื่องจักรและอุปกรณ์อื่นๆซึ่งมิได้จัดประเภทไว้ในที่อื่น,16492,134252.8317255
การขายส่งสินค้าเฉพาะทางอื่นๆ,0,0.0
การขายส่งเชื้อเพลิงแข็งเชื้อเพลิงเหลวและเชื้อเพลิงก๊าซ รวมทั้งผลิตภัณฑ์ที่เกี่ยวเนื่อง,0,0.0
การขายส่งเชื้อเพลิงแข็ง,381,88119.683814
การขายส่งเชื้อเพลิงเหลว,1375,138920.550779
การขายส่งเชื้อเพลิงก๊าซ,358,7140.9315
การขายส่งผลิตภัณฑ์ที่ได้จากการกลั่นปิโตรเลียม,841,9644.765725
การขายส่งโลหะและสินแร่โลหะ,0,0.0
การขายส่งแร่โลหะที่เป็นเหล็กและนอกกลุ่มเหล็ก,696,6908.4873
การขายส่งเหล็กเหล็กกล้าและโลหะที่นอกกลุ่มเหล็กขั้นมูลฐาน,2659,58220.049293
การขายส่งวัสดุก่อสร้างเครื่องโลหะอุปกรณ์และเครื่องมือเครื่องใช้เกี่ยวกับการวางท่อและการทำความร้อน,0,0.0
การขายส่งอิฐหินปูนทรายและผลิตภัณฑ์คอนกรีต,1350,23130.553059
การขายส่งไม้และผลิตภัณฑ์จากไม้แปรรูปขั้นต้น,2022,17361.90554386
การขายส่งสีทาน้ำมันชักเงาและแลกเกอร์,241,1774.27
การขายส่งอุปกรณ์การวางท่อและเครื่องสุขภัณฑ์,444,7496.4903
การขายส่งวัสดุก่อสร้างอื่นๆซึ่งมิได้จัดประเภทไว้ในที่อื่น,5579,55264.32486536
การขายส่งของเสียและเศษวัสดุและผลิตภัณฑ์อื่นๆซึ่งมิได้ จัดประเภทไว้ในที่อื่น,0,0.0
การขายส่งเคมีภัณฑ์ทางอุตสาหกรรม,4882,57849.5931625
การขายส่งปุ๋ยและเคมีภัณฑ์ทางการเกษตร,4205,16902.814498
การขายส่งยางพาราและพลาสติกขั้นต้น,1789,21192.9921
การขายส่งบรรจุภัณฑ์ชนิดใช้ในทางอุตสาหกรรม,1637,7064.442801
การขายส่งของเสียและเศษวัสดุเพื่อนำกลับมาใช้ใหม่,3255,24119.550164
การขายส่งสินค้าเกี่ยวกับอาวุธยุทโธปกรณ์,367,1313.08
การขายส่งผลิตภัณฑ์อื่นๆซึ่งมิได้จัดประเภทไว้ในที่อื่น,1246,12276.181885
การขายส่งสินค้าทั่วไป,9194,67462.687585
การขายปลีกยกเว้นยานยนต์และจักรยานยนต์,0,0.0
การขายปลีกในร้านค้าทั่วไป,0,0.0
การขายปลีกในร้านค้าทั่วไปที่มีอาหารเครื่องดื่มหรือยาสูบเป็นสินค้าหลัก,0,0.0
ซุปเปอร์มาร์เก็ต,923,11090.912178
ดิสเคาท์สโตร์/ซุปเปอร์เซ็นเตอร์/ไฮเปอร์มาร์เก็ต,297,22891.8051
ร้านสะดวกซื้อ/มินิมาร์ท,1317,23310.782058
ร้านขายของชำ,1103,3727.913539
การขายปลีกสินค้าอื่นๆในร้านค้าทั่วไป,11163,75650.3721978
การขายปลีกอาหารเครื่องดื่มและยาสูบในร้านค้าเฉพาะ,1,1.0
การขายปลีกอาหารในร้านค้าเฉพาะ,0,0.0
ร้านขายปลีกเนื้อสัตว์และผลิตภัณฑ์เนื้อสัตว์,990,8143.97795
ร้านขายปลีกปลาและผลิตภัณฑ์สัตว์น้ำ,566,2016.24
ร้านขายปลีกผักและผลไม้,928,3495.59263
ร้านขายปลีกข้าวและผลิตภัณฑ์ที่ได้จากการสีข้าว,354,2592.3083
ร้านขายปลีกผลิตภัณฑ์ขนมอบ,406,1236.655
ร้านขายปลีกอาหารอื่นๆซึ่งมิได้จัดประเภทไว้ในที่อื่น,4785,15534.973299
การขายปลีกเครื่องดื่มในร้านค้าเฉพาะ,0,0.0
ร้านขายปลีกเครื่องดื่มที่มีแอลกอฮอล์,816,3288.8697
ร้านขายปลีกเครื่องดื่มที่ไม่มีแอลกอฮอล์,1618,4740.241805
การขายปลีกผลิตภัณฑ์ยาสูบในร้านค้าเฉพาะ,80,300.194
การขายปลีกเชื้อเพลิงยานยนต์ในร้านค้าเฉพาะ สถานี ปั๊ม,7893,50191.338494
การขายปลีกเครื่องมือสารสนเทศและการสื่อสารในร้านเฉพาะ,0,0.0
การขายปลีกคอมพิวเตอร์อุปกรณ์ต่อพ่วงซอฟต์แวร์ และอุปกรณ์การสื่อสารโทรคมนาคมในร้านค้าเฉพาะ,1,1.0
ร้านขายปลีกคอมพิวเตอร์และอุปกรณ์ต่อพ่วงคอมพิวเตอร์,4072,18678.526213
ร้านขายปลีกเครื่องเล่นวีดิโอเกมและซอฟต์แวร์สำเร็จรูป,525,2409.79323
ร้านขายปลีกอุปกรณ์การสื่อสารโทรคมนาคม,3720,24679.49611925
การขายปลีกอุปกรณ์ที่เกี่ยวกับภาพและเสียงในร้านเฉพาะ,475,2032.30335
การขายปลีกสิ่งทอในร้านค้าเฉพาะ,0,0.0
การขายปลีกด้ายและผ้า,1016,3055.4355
ร้านขายปลีกของใช้ในครัวเรือนที่ทำจากสิ่งทอ,386,1349.6964
ร้านขายปลีกอุปกรณ์ตัดเย็บ,63,139.56
การขายปลีกเครื่องมือที่ทำจากโลหะสีและกระจกในร้านค้า เฉพาะ,0,0.0
ร้านขายปลีกเครื่องโลหะ,1119,7006.714
ร้านขายปลีกสีทาน้ำมันชักเงาและแลกเกอร์,436,1027.699065
ร้านขายปลีกอุปกรณ์การวางท่อและเครื่องสุขภัณฑ์,744,3672.9097
ร้านขายปลีกวัสดุก่อสร้างอื่นๆ,11024,67637.21072673
ร้านขายปลีกวัสดุก่อสร้างหลายชนิดรวมถึงวัสดุอุปกรณ์และเครื่องมือชนิดนำไปใช้ทำงานได้ด้วยตัวเอง,4759,17911.08429653
การขายปลีกพรมพรมหนาวัสดุปิดฝาผนังและปูพื้นในร้านค้าเฉพาะ,471,2278.36383
การขายปลีกเครื่องใช้ไฟฟ้าในครัวเรือนเฟอร์นิเจอร์อุปกรณ์ ไฟฟ้าแสงสว่างและของใช้ในครัวเรือนชนิดอื่นๆในร้านค้าเฉพาะ,1,1.0
ร้านขายปลีกเฟอร์นิเจอร์ชนิดใช้ในครัวเรือน,2216,17778.806247
ร้านขายปลีกเครื่องดินเผาเครื่องแก้วและเครื่องครัว,326,918.9352
ร้านขายปลีกอุปกรณ์ไฟฟ้าสำหรับให้แสงสว่าง,1980,7186.04213632
ร้านขายปลีกอุปกรณ์เกี่ยวกับเครื่องดนตรี,305,866.42901069
ร้านขายปลีกเครื่องใช้ไฟฟ้าชนิดในครัวเรือน,4499,27526.519745
ร้านขายปลีกของใช้อื่นๆในครัวเรือนซึ่งมิได้จัดประเภทไว้ในที่อื่น,1114,7539.213973
การขายปลีกหนังสือหนังสือพิมพ์และเครื่องเขียนที่มีอยู่ในร้านค้าเฉพาะ,0,0.0
ร้านขายปลีกหนังสือหนังสือพิมพ์วารสารและนิตยสาร,630,3325.661929
ร้านขายปลีกเครื่องเขียนและเครื่องใช้สำนักงาน,3506,10101.85437075
การขายปลีกสื่อบันทึกเสียงเพลงและสื่อบันทึกวีดิทัศน์ในร้านค้าเฉพาะ,73,451.25
การขายปลีกเครื่องกีฬาในร้านค้าเฉพาะ,1189,6264.474376
การขายปลีกเกมและของเล่นในร้านค้าเฉพาะ,454,1446.59
ร้านขายปลีกผลิตภัณฑ์งานฝีมือคนไทยและของที่ระลึก,695,1827.898
ร้านขายปลีกสินค้าทางวัฒนธรรมและนันทนาการอื่นๆซึ่งมิได้ จัดประเภทไว้ในที่อื่น,70,253.45
การขายปลีกสินค้าอื่นๆในร้านค้าเฉพาะ,0,0.0
การขายปลีกเสื้อผ้ารองเท้าและเครื่องหนังในร้านค้าเฉพาะ,0,0.0
ร้านขายปลีกเสื้อผ้า,4171,26368.80369
ร้านขายปลีกรองเท้า,312,1975.161
ร้านขายปลีกเครื่องหนังยกเว้นรองเท้า,341,1690.2655
การขายปลีกสินค้าทางเภสัชภัณฑ์และทางการแพทย์เครื่องหอม เครื่องสำอางและผลิตภัณฑ์ที่ใช้ในห้องน้ำในร้านค้าเฉพาะ,0,0.0
ร้านขายปลีกสินค้าทางเภสัชภัณฑ์และเวชภัณฑ์,7478,52845.31774817
ร้านขายปลีกเครื่องหอม,357,806.4463
ร้านขายปลีกเครื่องสำอาง,5799,17342.3124216
การขายปลีกสินค้าใหม่อื่นๆในร้านค้าเฉพาะ,1,1.0
ร้านขายปลีกนาฬิกาแว่นตาและอุปกรณ์ถ่ายภาพ,822,7190.034
ร้านขายปลีกเครื่องประดับ,9911,82001.36981048
ร้านขายปลีกดอกไม้ต้นไม้และอุปกรณ์ที่เกี่ยวข้อง,1444,7307.829485
ร้านขายปลีกสัตว์เลี้ยงและอุปกรณ์ที่เกี่ยวข้อง,1015,5167.34245
ร้านขายปลีกก๊าซและเชื้อเพลิงอื่นๆสำหรับใช้ในครัวเรือน,950,2723.552491
ร้านขายปลีกสินค้าใหม่อื่นๆซึ่งมิได้จัดประเภทไว้ในทื่อื่น,2690,8187.213277
การขายปลีกสินค้ามือสองในร้านค้าเฉพาะ,0,0.0
ร้านขายปลีกวัตถุโบราณ,123,306.7
ร้านขายปลีกเครื่องแต่งกายรองเท้าและเครื่องหนังที่ใช้แล้ว,245,714.7
ร้านขายปลีกคอมพิวเตอร์และอุปกรณ์สื่อสารโทรคมนาคมที่ใช้แล้ว,64,94.7
ร้านขายปลีกเครื่องใช้ไฟฟ้าและอิเล็กทรอนิกส์ชนิดใช้ในครัวเรือนที่ใช้แล้ว,75,129.5
ร้านขายปลีกหนังสือหนังสือพิมพ์วารสารและนิตยสารที่ใช้แล้ว,10,16.601
ร้านขายปลีกสินค้าใช้แล้วอื่นๆซึ่งมิได้จัดประเภทไว้ในที่อื่น,548,1701.598
การขายปลีกผลิตภัณฑ์อาหารเครื่องดื่มและยาสูบบนแผงลอยและตลาด,0,0.0
การขายปลีกผลิตภัณฑ์อาหารบนแผงลอยและตลาด,63,134.63
การขายปลีกเครื่องดื่มบนแผงลอยและตลาด,32,72.364
การขายปลีกผลิตภัณฑ์ยาสูบบนแผงลอยและตลาด,8,15.6
การขายปลีกสิ่งทอเสื้อผ้าและรองเท้าบนแผงลอยและตลาด,0,0.0
การขายปลีกสิ่งทอบนแผงลอยและตลาด,10,10.6
การขายปลีกเสื้อผ้ารองเท้าและเครื่องหนังบนแผงลอยและตลาด,117,876.26
การขายปลีกคอมพิวเตอร์และอุปกรณ์สื่อสารโทรคมนาคม บนแผงลอยและตลาด,130,214.64
การขายปลีกเครื่องใช้ไฟฟ้าและอิเล็กทรอนิกส์ชนิดใช้ในครัวเรือนบนแผงลอยและตลาด,206,1127.1633
การขายปลีกหนังสือหนังสือพิมพ์วารสารและนิตยสาร บนแผงลอยและตลาด,10,51.75
การขายปลีกสื่อบันทึกเสียงและภาพบนแผงลอยและตลาด,7,7.0
การขายปลีกสินค้าทางเภสัชภัณฑ์และเวชภัณฑ์ เครื่องหอมและเครื่องสำอางบนแผงลอยและตลาด,261,924.264
การขายปลีกนาฬิกาแว่นตาเครื่องเพชรพลอยบนแผงลอย และตลาด,65,194.65
การขายปลีกดอกไม้ต้นไม้สัตว์เลี้ยงและอาหารสำหรับสัตว์เลี้ยงบนแผงลอยและตลาด,60,117.165
การขายปลีกสินค้าอื่นๆซึ่งมิได้จัดประเภทไว้ในที่อื่นบนแผงลอยและตลาด,254,889.325
การขายปลีกที่ไม่ได้กระทำในร้านค้าแผงลอยหรือตลาด,0,0.0
การขายปลีกผ่านการสั่งซื้อทางไปรษณีย์หรือทางอินเทอร์เน็ต,2,5.3
การขายปลีกโดยการรับสั่งสินค้าทางไปรษณีย์โทรทัศน์วิทยุ และโทรศัพท์,214,5266.925501
การขายปลีกทางอินเทอร์เน็ต,9960,49319.730013
การขายปลีกโดยวิธีอื่นๆที่ไม่ได้กระทำในร้านค้าแผงลอยหรือ ตลาด,0,0.0
การขายตรง,1235,7297.5836295
การขายปลีกโดยไม่มีร้านซึ่งมิได้จัดประเภทไว้ในที่อื่น,753,5588.164398
การขนส่งทางบกและการขนส่งทางท่อลำเลียง,0,0.0
การขนส่งทางรถไฟ,0,0.0
การขนส่งผู้โดยสารทางรถไฟระหว่างเมือง,11,15015.0
การขนส่งสินค้าทางรถไฟ,31,452.6
การขนส่งผู้โดยสารด้วยรถโดยสารประจำทาง,1,2.0
การขนส่งผู้โดยสารด้วยรถโดยสารประจำทางในกรุงเทพฯ และปริมณฑล,128,3832.505
การขนส่งผู้โดยสารทางรถโดยสารประจำทางระหว่างกรุงเทพฯ กับจังหวัดอื่น,35,855.8616
การขนส่งผู้โดยสารทางรถโดยสารประจำทางระหว่างจังหวัด,31,94.7
การขนส่งผู้โดยสารทางรถโดยสารประจำทางในชนบท,58,113.196
การขนส่งผู้โดยสารทางรถโดยสารประจำทางอื่นๆซึ่งมิได้จัดประเภทไว้ในที่อื่น,770,2494.0045145
การขนส่งทางบกอื่นๆ,2,2.25
การขนส่งผู้โดยสารในเขตเมืองและปริมณฑลยกเว้นทางรถโดยสารประจำทาง,26,47992.78341325
การขนส่งผู้โดยสารทางบกอื่นๆ,0,0.0
การขนส่งผู้โดยสารโดยรถยนต์รับจ้าง/แท็กซี่,329,1162.740999
การขนส่งผู้โดยสารโดยรถสามล้อเครื่องและจักรยานยนต์รับจ้าง,12,74.11
การขนส่งและขนถ่ายสินค้า รวมถึงคนโดยสาร,15565,67554.84530525
การขนส่งผู้โดยสารทางบกอื่นๆซึ่งมิได้จัดประเภทไว้ในที่อื่น,2870,11059.4911
การขนส่งสินค้าทางถนน,2,2.0
การขนส่งสินค้าแช่เย็นหรือแช่แข็งทางถนน,369,1496.8776
การขนส่งผลิตภัณฑ์ปิโตรเลียมทางถนน,282,3372.2896
การขนส่งของเหลวหรือก๊าซ (ยกเว้นก๊าซธรรมชาติ) ทางถนน,61,271.1
การขนส่งสินค้าที่บรรจุในตู้คอนเทนเนอร์ทางถนน,608,2316.309999
การขนส่งสินค้าอื่นๆทางถนนซึ่งมิได้จัดประเภทไว้ในที่อื่น,8916,59011.76536908
การขนส่งทางระบบท่อลำเลียง,19,26236.6
การขนส่งทางน้ำ,0,0.0
การขนส่งทางทะเลและตามแนวชายฝั่งทะเล,0,0.0
การขนส่งผู้โดยสารทางทะเลและตามแนวชายฝั่งทะเล,0,0.0
การขนส่งผู้โดยสารทางทะเลและตามแนวชายฝั่งทะเลโดยเรือโดยสารข้ามฟาก,12,481.0
การขนส่งผู้โดยสารทางทะเลและตามแนวชายฝั่งทะเลโดยเรือท่องเที่ยวหรือเรือโดยสารทัศนาจรขนาดใหญ่,104,391.032
การขนส่งผู้โดยสารทางทะเลและตามแนวชายฝั่งทะเลโดยเรืออื่นๆซึ่งมิได้จัดประเภทไว้ในที่อื่น,49,615.6
การขนส่งสินค้าทางทะเลและตามแนวชายฝั่งทะเล,0,0.0
การขนส่งสินค้าทางทะเลและตามแนวชายฝั่งทะเล,302,23726.0995865
การบริการลากจูงและดัน เรือลำเลียง/สิ่งก่อสร้างลอยน้ำ ที่ดำเนินการทางทะเลและตามแนวชายฝั่งทะเล,20,45.3
การขนส่งทางน้ำภายในประเทศ,0,0.0
การขนส่งผู้โดยสารทางน้ำภายในประเทศ,0,0.0
การขนส่งผู้โดยสารทางน้ำภายในประเทศโดยเรือโดยสารข้ามฟาก,19,644.038
การขนส่งผู้โดยสารทางน้ำภายในประเทศโดยเรือทัศนาจรหรือเรือสำราญกีฬา,105,458.4
การขนส่งผู้โดยสารทางน้ำภายในประเทศโดยเรืออื่นๆซึ่งมิได้จัดประเภทไว้ในที่อื่น,43,2215.620229
การขนส่งทางน้ำภายในประเทศ,185,9473.8134
การบริการลากจูงหรือการดัน เรือลำเลียง และสิ่งก่อสร้างลอยน้ำที่ดำเนินการทางน้ำภายในประเทศ,26,304.0
การขนส่งทางอากาศ,0,0.0
การขนส่งผู้โดยสารทางอากาศ,1,1.0
การขนส่งผู้โดยสารทางอากาศที่มีตารางเวลา,69,65866.7770281
การขนส่งผู้โดยสารทางอากาศที่ไม่มีตารางเวลา,32,3826.39
การขนส่งสินค้าทางอากาศ,0,0.0
การขนส่งสินค้าทางอากาศที่มีตารางเวลา,88,4346.4
การขนส่งสินค้าทางอากาศที่ไม่มีตารางเวลา,65,193.35
กิจกรรมที่เกี่ยวกับคลังสินค้าและกิจกรรมสนับสนุนการขนส่ง,0,0.0
กิจกรรมที่เกี่ยวกับคลังสินค้าและการจัดเก็บสินค้า,0,0.0
กิจกรรมที่เกี่ยวกับคลังสินค้าและการจัดเก็บสินค้าแช่เย็นหรือแช่แข็ง,219,14131.764
กิจกรรมที่เกี่ยวกับคลังสินค้าและการจัดเก็บสินค้าธัญพืช,41,1050.0
กิจกรรมที่เกี่ยวกับคลังสินค้าและการจัดเก็บสินค้าอื่นๆซึ่งมิได้จัดประเภทไว้ในที่อื่น,682,42928.142778
กิจกรรมสนับสนุนการขนส่ง,0,0.0
กิจกรรมบริการต่างๆสำหรับการขนส่งทางบก,0,0.0
กิจกรรมการบริการสำหรับการขนส่งทางรถไฟ,7,29.005
กิจกรรมการบริการสถานีรถโดยสาร,63,290.17
กิจกรรมการบริการสถานที่จอดยานพาหนะ,133,1735.5184
กิจกรรมการบริการรถยก,418,658.81
กิจกรรมการบริการอื่นๆที่สนับสนุนการขนส่งทางบก ซึ่งมิได้จัดประเภทไว้ในที่อื่น,156,35171.75056
กิจกรรมบริการต่างๆสำหรับการขนส่งทางน้ำ,0,0.0
กิจกรรมการดำเนินงานเกี่ยวกับสิ่งอำนวยความสะดวกของท่าเรือ (ยกเว้นการขนถ่ายสินค้า),159,94512.3411585
กิจกรรมการบริการต่าง ๆ สำหรับการขนส่งทางน้ำ ซึ่งมิได้จัดประเภทไว้ในที่อื่น,111,2468.865
กิจกรรมการดำเนินงานของสนามบิน (ยกเว้นการขนถ่ายสินค้า),72,33736.810057
กิจกรรมการบริการอื่นๆที่สนับสนุนการขนส่งทางอากาศซึ่งมิได้จัดประเภทไว้ในที่อื่น,56,4419.416
การขนถ่ายสินค้า,0,0.0
การขนถ่ายสินค้า,687,11076.98791
การขนถ่ายสัมภาระ,18,132.58109
กิจกรรมอื่น ๆ ที่สนับสนุนการขนส่ง,0,0.0
กิจกรรมการบริหารจัดการด้านการขนส่งและสถานที่เก็บสินค้า,1674,33109.237953
กิจกรรมของตัวแทนผู้รับจัดการขนส่งสินค้าและตัวแทนออกของ (ตัวแทนดำเนินพิธีการศุลกากร),5372,24594.40931902
กิจกรรมบริการบรรจุหีบห่อเพื่อการขนส่ง,342,2325.07816
กิจกรรมอื่น ๆ ที่สนับสนุนการขนส่งซึ่งมิได้จัดประเภทไว้ในที่อื่น,205,9310.54531
กิจกรรมไปรษณีย์และการรับส่งเอกสาร/สิ่งของ,0,0.0
กิจกรรมไปรษณีย์,49,1308.37
กิจกรรมการรับส่งเอกสาร/สิ่งของ,1357,8856.80085
ที่พักแรม,0,0.0
ที่พักแรมระยะสั้น,0,0.0
โรงแรม รีสอร์ทและห้องชุด,13133,700488.947139
เกสต์เฮ้าส์,560,2535.7126
ที่พักสัมผัสวัฒนธรรมชนบท,101,251.5962
กิจกรรมที่พักแรมระยะสั้นอื่น ๆ ซึ่งมิได้จัดประเภทไว้ในที่อื่น,792,11080.6396
ลานตั้งค่ายพักแรม ที่จอดรถพ่วงและที่ตั้งที่พักแบบเคลื่อนที่,39,93.65
ที่พักแรมประเภทอื่นๆ,0,0.0
การบริการห้องพักหรือที่พักอาศัยสำหรับนักเรียน/นักศึกษา,287,1466.0133
การบริการที่พักแรมประเภทอื่นๆซึ่งมิได้จัดประเภทไว้ในที่อื่น,631,3951.194789
การบริการด้านอาหารและเครื่องดื่ม,0,0.0
การบริการด้านอาหารในภัตตาคารและร้านอาหารแบบเคลื่อนที่,0,0.0
การบริการด้านอาหารในภัตตาคาร/ร้านอาหาร,25963,304678.096531
การบริการด้านอาหารบนแผงลอยและตลาด,77,135.0
การบริการด้านอาหารโดยร้านอาหารแบบเคลื่อนที่,74,162.855
การบริการด้านการจัดเลี้ยงและบริการอาหารประเภทอื่นๆ,0,0.0
การบริการด้านการจัดเลี้ยง,731,1910.87888
การบริการด้านอาหารประเภทอื่นๆ,0,0.0
การบริการอาหารสำหรับกิจการขนส่ง,38,2948.35
การดำเนินงานของโรงอาหาร,123,185.69
การบริการด้านอาหารอื่นๆซึ่งมิได้จัดประเภทไว้ในที่อื่น,344,2138.4751
การบริการเครื่องดื่ม,0,0.0
การบริการด้านเครื่องดื่มที่มีแอลกอฮอล์เป็นหลักในร้าน,919,13186.47796
การบริการด้านเครื่องดื่มที่ไม่มีแอลกอฮอล์เป็นหลักในร้าน,2253,10312.543348
การบริการด้านเครื่องดื่มบนแผงลอยและตลาด,13,44.42
การบริการด้านเครื่องดื่มโดยร้านเคลื่อนที่,19,34.3
การจัดพิมพ์จำหน่ายหรือเผยแพร่หนังสือนิตยสารและอื่นๆ,0,0.0
การจัดพิมพ์จำหน่ายหรือเผยแพร่ตำราเรียนพจนานุกรมและสารานุกรมลงบนสื่อต่างๆ (ยกเว้นทางออนไลน์),261,1839.563591
การจัดพิมพ์จำหน่ายหรือเผยแพร่โบรชัวร์ใบปลิวและสิ่งพิมพ์อื่นๆที่คล้ายกันลงบนสื่อต่างๆ (ยกเว้นทางออนไลน์),361,2218.207406
การจัดพิมพ์จำหน่ายหรือเผยแพร่หนังสือออนไลน์,134,712.36952
กิจกรรมการดูแลสิทธิในการผลิตซ้ำหนังสือเพื่อจำหน่ายหรือเผยแพร่,4,4.0
การจัดพิมพ์จำหน่ายหรือเผยแพร่นามานุกรมและที่อยู่ทางไปรษณีย์ลงบนสื่อต่างๆ (ยกเว้นทางออนไลน์),1,1.0
การจัดพิมพ์จำหน่ายหรือเผยแพร่นามานุกรมและที่อยู่ ทางไปรษณีย์ผ่านทางออนไลน์,1,1.0
การจัดพิมพ์จำหน่ายหรือเผยแพร่หนังสือพิมพ์ วารสารและนิตยสาร,0,0.0
การจัดพิมพ์จำหน่ายหรือเผยแพร่หนังสือพิมพ์ลงบนสื่อต่างๆ (ยกเว้นทางออนไลน์),88,4611.18
การจัดพิมพ์จำหน่ายหรือเผยแพร่วารสารและนิตยสารลงบนสื่อต่างๆ (ยกเว้นทางออนไลน์),76,641.353
การจัดพิมพ์จำหน่ายหรือเผยแพร่หนังสือพิมพ์วารสารและนิตยสารออนไลน์,59,125.351
กิจกรรมการดูแลสิทธิในการผลิตซ้ำหนังสือพิมพ์วารสารและนิตยสารเพื่อจำหน่ายหรือเผยแพร่,6,10.0
การจัดพิมพ์จำหน่ายหรือเผยแพร่งานอื่นๆ,1,1.0
การจัดพิมพ์จำหน่ายหรือเผยแพร่งานอื่นๆลงบนสื่อต่างๆ (ยกเว้นทางออนไลน์),160,551.0138
การจัดพิมพ์จำหน่ายหรือเผยแพร่งานอื่นๆผ่านทางออนไลน์,393,1505.8721
กิจกรรมการดูแลสิทธิในการผลิตซ้ำงานอื่นๆเพื่อจำหน่ายหรือเผยแพร่,22,44.1
การจัดทำซอฟต์แวร์,0,0.0
การจัดทำซอฟต์แวร์เกมสำเร็จรูป,295,1288.57466
การจัดทำซอฟต์แวร์สำเร็จรูป (ยกเว้นซอฟต์แวร์เกมสำเร็จรูป),2502,13083.021904
กิจกรรมการดูแลสิทธิในการผลิตซ้ำซอฟต์แวร์สำเร็จรูป เพื่อจำหน่ายหรือเผยแพร่,45,272.84
กิจกรรมการผลิตภาพยนตร์วีดิทัศน์และรายการโทรทัศน์การบันทึกเสียงและการจัดพิมพ์จำหน่ายหรือเผยแพร่ดนตรี,0,0.0
กิจกรรมที่เกี่ยวข้องกับภาพยนตร์วีดิทัศน์และรายการโทรทัศน์,0,0.0
กิจกรรมการผลิตภาพยนตร์วีดิทัศน์และรายการโทรทัศน์,1,1.0
กิจกรรมการผลิตภาพยนตร์และวีดิทัศน์,1512,7991.21884
กิจกรรมการผลิตรายการโทรทัศน์,1497,26828.658847
กิจกรรมหลังการถ่ายทำภาพยนตร์วีดิทัศน์และรายการโทรทัศน์,0,0.0
การบริการตัดต่อภาพและเสียง,253,808.061
การบริการทำคอมพิวเตอร์กราฟฟิกแอนิเมชั่นและเทคนิคพิเศษ,297,1702.5667375
กิจกรรมภายหลังการผลิตภาพยนตร์วิดีทัศน์และรายการโทรทัศน์อื่นๆซึ่งมิได้จัดประเภทไว้ในที่อื่น,62,221.9928
กิจกรรมการเผยแพร่ภาพยนตร์วีดิทัศน์และรายการโทรทัศน์,1,2.0
กิจกรรมการเผยแพร่ภาพยนตร์วีดิทัศน์และรายการโทรทัศน์,107,1550.1550038
กิจกรรมการดูแลสิทธิในการผลิตซ้ำภาพยนตร์วีดิทัศน์และรายการโทรทัศน์เพื่อจำหน่ายหรือเผยแพร่,35,2858.4551245
กิจกรรมด้านการจัดฉายภาพยนตร์,59,3246.269877
กิจกรรมการบันทึกเสียงลงบนสื่อ,153,599.925
กิจกรรมการจัดพิมพ์จำหน่ายหรือเผยแพร่ดนตรี,73,1927.767829
กิจกรรมการดูแลสิทธิในการผลิตซ้ำดนตรีเพื่อจำหน่ายหรือเผยแพร่,58,1741.736
การออกอากาศทางวิทยุกระจายเสียง,0,0.0
การออกอากาศทางวิทยุกระจายเสียง (ยกเว้นทางออนไลน์),2199,8335.31729997
การออกอากาศทางวิทยุกระจายเสียงผ่านทางออนไลน์,76,160.75
การจัดผังรายการและการออกอากาศทางโทรทัศน์,0,0.0
การจัดผังรายการและการออกอากาศทางโทรทัศน์โดยไม่ต้องสมัครสมาชิก (ยกเว้นทางออนไลน์),60,8292.15
การจัดผังรายการและการออกอากาศทางโทรทัศน์โดยสมัครสมาชิก (ยกเว้นทางออนไลน์),28,1495.43
การจัดผังรายการและการออกอากาศทางโทรทัศน์ผ่านทางออนไลน์,58,1237.51
การโทรคมนาคม,0,0.0
กิจกรรมการโทรคมนาคมแบบใช้สาย,0,0.0
การบริการอินเทอร์เน็ตแบบใช้สายและไร้สาย,577,21138.12631925
การบริการจัดส่งสัญญาณโทรทัศน์/วิทยุผ่านสายเคเบิล,202,29151.979449
กิจกรรมการโทรคมนาคมแบบใช้สายอื่นๆซึ่งมิได้จัดประเภทไว้ในที่อื่น,111,150853.1340015
กิจกรรมการโทรคมนาคมแบบไร้สาย,0,0.0
การบริการระบบโทรศัพท์เคลื่อนที่,172,23644.738797
การบริการอินเทอร์เน็ตแบบไร้สาย,46,209.6
กิจกรรมการโทรคมนาคมแบบไร้สายอื่นๆซึ่งมิได้จัดประเภทไว้ในที่อื่น,84,626.05
การบริการจัดส่งสัญญาณรายการโทรทัศน์/วิทยุผ่านดาวเทียม,33,994.0
กิจกรรมการโทรคมนาคมผ่านดาวเทียม (ยกเว้นการบริการจัดส่งสัญญาณรายการโทรทัศน์/วิทยุผ่านดาวเทียม),35,6844.60761
กิจกรรมการโทรคมนาคมด้านอื่นๆ,348,8297.098252
กิจกรรมการจัดทำโปรแกรมคอมพิวเตอร์การให้คำปรึกษาเกี่ยวกับคอมพิวเตอร์และกิจกรรมที่เกี่ยวข้อง,0,0.0
กิจกรรมการจัดทำโปรแกรมคอมพิวเตอร์ตามวัตถุประสงค์ของผู้ใช้,0,0.0
กิจกรรมการจัดทำโปรแกรมเว็บเพจและเครือข่ายตามวัตถุประสงค์ของผู้ใช้,2765,11190.962013
กิจกรรมการจัดทำโปรแกรมคอมพิวเตอร์ตามวัตถุประสงค์ของผู้ใช้ (ยกเว้นโปรแกรมเว็บเพจและเครือข่าย),3681,322380.314353
กิจกรรมการให้คำปรึกษาเกี่ยวกับคอมพิวเตอร์และการจัดการสิ่งอำนวยความสะดวกด้านคอมพิวเตอร์,0,0.0
กิจกรรมการให้คำปรึกษาทางด้านฮาร์ดแวร์,619,3223.230904
กิจกรรมการให้คำปรึกษาทางด้านซอฟต์แวร์,2523,16893.0205795
กิจกรรมการจัดการสิ่งอำนวยความสะดวกด้านคอมพิวเตอร์,1226,8300.3621777
กิจกรรมการบริการเทคโนโลยีสารสนเทศและคอมพิวเตอร์อื่นๆ,1930,26758.0251435
กิจกรรมการบริการสารสนเทศ,0,0.0
การประมวลผลข้อมูลการสร้างแม่ข่ายและกิจกรรมที่เกี่ยวข้อง,0,0.0
กิจกรรมการบริหารจัดการและประมวลผลข้อมูล,470,31382.989871
กิจกรรมการสร้างแม่ข่าย,495,76487.9524215
การบริการเป็นตลาดกลางในการซื้อขายสินค้าหรือบริการ โดยวิธีใช้สื่ออิเล็กทรอนิกส์ผ่านระบบเครือข่ายอินเทอร์เน็ต,1137,13214.419995
เวบท่า,58,7225.794
กิจกรรมการบริการสารสนเทศอื่นๆ,0,0.0
กิจกรรมสำนักข่าว,0,0.0
กิจกรรมสำนักข่าวสื่อสิ่งพิมพ์,60,312.2
กิจกรรมสำนักข่าวสื่อโสตทัศน์,57,293.1
กิจกรรมบริการสารสนเทศอื่นๆซึ่งมิได้จัดประเภทไว้ในที่อื่น,246,5465.26856
กิจกรรมบริการทางการเงิน ยกเว้น การประกันภัยและกองทุนบำเหน็จบำนาญ,1,1.0
ตัวกลางทางการเงิน,0,0.0
ธนาคารกลาง,1,10.0
ตัวกลางทางการเงินอื่นๆ,0,0.0
ธนาคารพาณิชย์,19,541015.59882065
บริษัทเงินทุน,19,1621.25
บริษัทเครดิตฟองซิเอร์,4,656.91372
ธนาคารเฉพาะกิจ,0,0.0
สหกรณ์ที่เป็นตัวกลางทางการเงิน,7,20.874
กิจกรรมของบริษัทโฮลดิ้ง,0,0.0
กิจกรรมของบริษัทโฮลดิ้งที่ลงทุนในธุรกิจการเงินเป็นหลัก,715,287427.8005684
กิจกรรมของบริษัทโฮลดิ้งที่ไม่ได้ลงทุนในธุรกิจการเงินเป็นหลัก,6017,3165942.32205044
กองทุน,42,2669.028131
ทรัสต์,18,375.0
กิจกรรมทางการเงินอื่นๆซึ่งมิได้จัดประเภทไว้ในที่อื่น,217,29706.4455
สัญญาเช่าทางการเงิน,0,0.0
สัญญาเช่าทางการเงินสำหรับยานยนต์,334,181045.9891926
สัญญาเช่าทางการเงินสำหรับเครื่องจักรและอุปกรณ์เพื่อ การดำเนินธุรกิจ,27,17394.4722405
สัญญาเช่าทางการเงินสำหรับสินค้าอุปโภค (ยกเว้นยานยนต์และ จักรยานยนต์),54,15121.199116
การให้สินเชื่อประเภทอื่นๆ,0,0.0
การให้สินเชื่อเพื่อการค้าและการลงทุน,326,46453.2187
การให้สินเชื่อเพื่อการอุปโภคบริโภค,216,25875.599714
การให้สินเชื่อเพื่อการซื้อที่อยู่อาศัย,18,76.5
การให้สินเชื่อบัตรเครดิต,20,45977.85407
การบริการของโรงรับจำนำ,564,6839.33323
การให้สินเชื่ออื่นๆซึ่งมิได้จัดประเภทไว้ในที่อื่น,2087,114662.074122
กิจกรรมการให้เงินทุนนอกเหนือจากการให้กู้ยืมเงิน,286,14600.43654
กิจกรรมการลงทุนที่เป็นกิจกรรมของตนเอง,463,119797.95364
กิจกรรมบริการทางการเงินอื่นๆ (ยกเว้นกิจกรรมการประกันภัย และกองทุนบำเหน็จบำนาญ) ซึ่งมิได้จัดประเภทไว้ในที่อื่น,727,81521.7809235
การประกันภัยการประกันภัยต่อและกองทุนบำเหน็จบำนาญ ยกเว้นการประกันสังคมภาคบังคับ,0,0.0
การประกันภัย,0,0.0
การประกันชีวิต,105,110669.44197928
การประกันวินาศภัย,106,51555.49013675
การประกันภัยต่อ,15,4355.04457216
กองทุนบำเหน็จบำนาญ (ผลประโยชน์ ตอบแทนเพื่อการเกษียณอายุหรือการชราภาพ),4,4.2
การบริหารงานด้านตลาดการเงิน,0,0.0
การบริหารงานตลาดเงินและตลาดทุน,49,3233.31363
การบริหารงานตลาดอนุพันธ์,8,1457.0035
การบริการควบคุมดูแลการบริหารงานตลาดการเงิน,19,452.1
กิจกรรมนายหน้าซื้อขายหลักทรัพย์และตราสารอนุพันธ์,1,3.5
กิจกรรมนายหน้าซื้อขายหลักทรัพย์,188,58854.653145
กิจกรรมนายหน้าซื้อขายตราสารอนุพันธ์,17,406.7
กิจกรรมเกี่ยวกับแลกเปลี่ยนเงินตราต่างประเทศ,2018,35554.5227
กิจกรรมอื่นๆที่สนับสนุนกิจกรรมบริการทางการเงิน,0,0.0
บริการที่ปรึกษาการลงทุน,823,7885.04065695
กิจกรรมการประมวลผลและการเรียกชำระเงินสำหรับธุรกรรม ทางการเงิน,187,22509.104821
บริการดูแลและรักษาหลักทรัพย์,117,3167.7405
กิจกรรมอื่นๆที่ช่วยเสริมกิจกรรมการให้บริการทางการเงิน ซึ่งมิได้จัดประเภทไว้ในที่อื่น,1765,33677.45242
การประเมินความเสี่ยงภัยและมูลค่าความเสียหาย,659,897.5898
กิจกรรมของตัวแทนและนายหน้าประกันภัย,0,0.0
กิจกรรมของตัวแทนและนายหน้าประกันชีวิต,889,3217.1801
กิจกรรมของตัวแทนและนายหน้าประกันวินาศภัย,771,9772.1585765
กิจกรรมอื่นๆที่สนับสนุนการประกันภัยและกองทุนบำเหน็จ บำนาญ,75,330.3982
กิจกรรมการจัดการหลักทรัพย์การลงทุนและกองทุน (ยกเว้น กองทุนบำเหน็จบำนาญ),145,15490.40317
กิจกรรมการจัดการกองทุนบำเหน็จบำนาญ,1,1.0
กิจกรรมเกี่ยวกับอสังหาริมทรัพย์,1,137.0
กิจกรรมเกี่ยวกับอสังหาริมทรัพย์ที่เป็นของตนเองหรือเช่าจาก ผู้อื่น,2,41.0
การซื้อและการขายอสังหาริมทรัพย์ที่เป็นของตนเอง เพื่อการพักอาศัย,15151,540725.15606087
การซื้อและการขายอสังหาริมทรัพย์ที่เป็นของตนเองที่ไม่ใช่ เพื่อเป็นที่พักอาศัย,29840,1082491.31644695
การเช่าและการดำเนินการเกี่ยวกับอสังหาริมทรัพย์ที่เป็น ของตนเองหรือเช่าจากผู้อื่นเพื่อเป็นที่พักอาศัย,16799,281427.5241152
การเช่าและการดำเนินการเกี่ยวกับอสังหาริมทรัพย์ที่เป็นของ ตนเองหรือเช่าจากผู้อื่นที่ไม่ใช่เพื่อเป็นที่พักอาศัย,16296,1129084.72677
กิจกรรมเกี่ยวกับอสังหาริมทรัพย์ที่กระทำโดยได้รับค่าตอบแทน หรือตามสัญญาจ้าง,1,2.0
กิจกรรมของตัวแทนและนายหน้าอสังหาริมทรัพย์โดยได้รับ ค่าตอบแทนหรือตามสัญญาจ้าง,10756,65466.548336
กิจกรรมบริการอื่นๆที่เกี่ยวกับอสังหาริมทรัพย์โดยได้รับ ค่าตอบแทนหรือตามสัญญาจ้าง,3543,37194.95454
กิจกรรมทางกฎหมายและบัญชี,1,1.0
กิจกรรมทางกฎหมาย,7060,15960.833985
กิจกรรมเกี่ยวกับบัญชีการทำบัญชีและการตรวจสอบบัญชี การให้คำปรึกษาด้านภาษี,12940,14037.721148
กิจกรรมของสำนักงานใหญ่กิจกรรมการให้คำปรึกษาด้าน การบริหารจัดการ ตัวแทนธุรกิจการค้าระหว่างประเทศ,0,0.0
กิจกรรมของสำนักงานใหญ่,254,14144.580895
สำนักงานผู้แทนนิติบุคคลระหว่างประเทศ,182,9528.177469
สำนักงานภูมิภาคของบริษัทข้ามชาติ,21,184.7
สำนักงานปฏิบัติการภูมิภาค,298,22248.0395
กิจกรรมการให้คำปรึกษาด้านการบริหารจัดการ,4,3.5
กิจกรรมให้คำปรึกษาด้านการสื่อสารประชาสัมพันธ์,468,1939.020118
กิจกรรมให้คำปรึกษาด้านการบริหารจัดการการเงิน,1613,23389.395629
กิจกรรมให้คำปรึกษาด้านการบริหารจัดการอื่นๆซึ่งมิได้จัด ประเภทไว้ในที่อื่น,18762,348959.17340182
ตัวแทนธุรกิจการค้าระหว่างประเทศ,0,0.0
กิจกรรมงานสถาปัตยกรรมและวิศวกรรมและการให้คำปรึกษา ทางด้านเทคนิคที่เกี่ยวข้อง,0,0.0
กิจกรรมงานสถาปัตยกรรมและการให้คำปรึกษาที่เกี่ยวข้อง,4054,12817.414021
กิจกรรมงานวิศวกรรมและการให้คำปรึกษาทางด้านเทคนิค ที่เกี่ยวข้อง,7177,63009.454816
กิจกรรมงานธรณีฟิสิกส์ธรณีวิทยาและการให้คำปรึกษาที่ เกี่ยวข้อง,279,8356.08
การทดสอบและการวิเคราะห์ทางเทคนิค,0,0.0
การทดสอบและวิเคราะห์การปฏิบัติการทางกายภาพและเคมี,377,11260.6142
การตรวจสภาพยานยนต์ทางเทคนิค,825,1300.7848
การทดสอบและวิเคราะห์ทางเทคนิคอื่นๆซึ่งมิได้จัดประเภท ไว้ในที่อื่น,465,3912.6902
การวิจัยและพัฒนาเชิงทดลองด้านวิทยาศาสตร์ธรรมชาติ และวิศวกรรม,0,0.0
การวิจัยและพัฒนาเชิงทดลองด้านวิทยาศาสตร์ธรรมชาติ,284,3176.1153
การวิจัยและพัฒนาเชิงทดลองด้านเทคโนโลยีชีวภาพ,401,8619.288105
การวิจัยและพัฒนาเชิงทดลองด้านวิศวกรรมและเทคโนโลยีอื่นๆ ซึ่งมิได้จัดประเภทไว้ในที่อื่น,797,49910.3642
การวิจัยและพัฒนาเชิงทดลองด้านสังคมศาสตร์และมนุษยศาสตร์,70,119.61517
การโฆษณาและการวิจัยตลาด,0,0.0
การโฆษณา,1,1.0
กิจกรรมของบริษัทโฆษณา,12251,84501.95577629
กิจกรรมของตัวแทนขายสื่อโฆษณา,1039,9316.92876
การวิจัยตลาดและการสำรวจความคิดเห็นของประชาชน (ประชามติ),331,1181.802935
กิจกรรมทางวิชาชีพวิทยาศาสตร์และเทคนิคอื่นๆ,0,0.0
กิจกรรมการออกแบบเฉพาะด้าน,0,0.0
กิจกรรมการออกแบบและตกแต่งภายใน,5990,15321.892033
กิจกรรมการออกแบบเฉพาะด้านอื่นๆซึ่งมิได้จัดประเภทไว้ ในที่อื่น,2057,5330.08812
กิจกรรมการถ่ายภาพ,1020,2189.994217
กิจกรรมทางวิชาชีพวิทยาศาสตร์และเทคนิคอื่นๆซึ่งมิได้ จัดประเภทไว้ในที่อื่น,0,0.0
กิจกรรมการแปลการแปลความหมายและล่าม,544,1277.56645
กิจกรรมการให้คำปรึกษาด้านสิ่งแวดล้อม,436,1838.21115
กิจกรรมทางวิชาชีพวิทยาศาสตร์และเทคนิคอื่นๆซึ่งมิได้ จัดประเภทไว้ในที่อื่น,459,20801.829465
กิจกรรมเกี่ยวกับสัตวแพทย์,720,2237.1709
กิจกรรมการให้เช่าและให้เช่าแบบลีสซิ่ง,0,0.0
การให้เช่าและให้เช่าแบบลีสซิ่งยานยนต์,0,0.0
การให้เช่าและให้เช่าแบบลิสซิ่งยานยนต์ชนิดนั่งส่วนบุคคล รถกระบะรถตู้และรถขนาดเล็กที่คล้ายกัน,2478,41174.594072
การให้เช่าและให้เช่าแบบลิสซิ่งยานยนต์ชนิดรถบรรทุก และยานยนต์หนักอื่นๆ,401,6663.5524727
การให้เช่าและให้เช่าแบบลีสซิ่งของใช้ส่วนบุคคลและเครื่องใช้ใน ครัวเรือน,0,0.0
การให้เช่าและให้เช่าแบบลีสซิ่งสินค้าเพื่อการนันทนาการและการกีฬา,235,884.23
การให้เช่าแถบวีดิทัศน์และแผ่นดิสก์,27,117.9
การให้เช่าและให้เช่าแบบลิสซิ่งของใช้ส่วนบุคคลและเครื่องใช้ ในครัวเรือนอื่นๆ,0,0.0
การให้เช่าหนังสือ,3,17.0
การให้เช่าของใช้ส่วนบุคคลและของใช้ในครัวเรือนอื่นๆ ซึ่งมิได้จัดประเภทไว้ในที่อื่น,849,14703.0366
การให้เช่าและให้เช่าแบบลีสซิ่งเครื่องจักรอุปกรณ์และสินค้า ที่จับต้องได้อื่นๆ,0,0.0
การให้เช่าและการให้เช่าแบบลีสซิ่งอุปกรณ์การขนส่งทางบก (ยกเว้นยานยนต์),185,838.82807
การให้เช่าและการให้เช่าแบบลีสซิ่งอุปกรณ์การขนส่งทางน้ำ,110,1050.42
การให้เช่าและการให้เช่าแบบลีสซิ่งอุปกรณ์การขนส่งทางอากาศ,31,1746.328
การให้เช่าและการให้เช่าแบบลีสซิ่งเครื่องจักรและอุปกรณ์ ทางการเกษตรและการป่าไม้,152,97.72072
การให้เช่าและการให้เช่าแบบลีสซิ่งเครื่องจักรและอุปกรณ์ ที่ใช้ในการก่อสร้างและงานวิศวกรรมโยธา,910,5852.941
การให้เช่าและการให้เช่าแบบลีสซิ่งเครื่องจักรและอุปกรณ์ สำนักงาน,305,3388.2799
การให้เช่าและการให้เช่าแบบลีสซิ่งเครื่องจักรอุปกรณ์ และสินค้าที่จับต้องได้อื่นๆซึ่งมิได้จัดประเภทไว้ในที่อื่น,824,33397.66319
การให้เช่าแบบลิสซิ่งผลิตภัณฑ์ที่มีสินทรัพย์ทางปัญญา และผลิตภัณฑ์ที่คล้ายกันยกเว้นงานที่มีลิขสิทธิ์,555,2831.8471
บริการเกี่ยวกับสิทธิพิเศษอื่น ๆ,64,1099.15
กิจกรรมการจัดหางาน,0,0.0
กิจกรรมของสำนักงานจัดหางานหรือตัวแทนจัดหางาน,1,1.0
กิจกรรมของบริษัทตัวแทนและสำนักงานคัดเลือกนักแสดง,642,990.09
กิจกรรมของสำนักงานจัดหางานหรือตัวแทนจัดหางานอื่นๆ ซึ่งมิได้จัดประเภทไว้ในที่อื่น,1136,4272.68927
กิจกรรมการให้บริการจ้างงานชั่วคราว,2176,5776.997789
กิจกรรมการจัดหาทรัพยากรมนุษย์อื่นๆ,742,4099.677914
ตัวแทนธุรกิจการเดินทางธุรกิจจัดนำเที่ยวและบริการสำรอง และกิจกรรมที่เกี่ยวข้อง,2,5.0
ตัวแทนธุรกิจการเดินทางธุรกิจจัดนำเที่ยว,0,0.0
ตัวแทนธุรกิจการเดินทาง,2074,5730.994295
ธุรกิจจัดนำเที่ยว,10064,35941.63251
กิจกรรมบริการสำรองอื่นๆและกิจกรรมที่เกี่ยวข้อง,0,0.0
กิจกรรมของมัคคุเทศก์,9,15.0
กิจกรรมบริการสำรองอื่นๆและกิจกรรมที่เกี่ยวข้องซึ่งมิได้ จัดประเภทไว้ในที่อื่น,1829,7082.29277
กิจกรรมการบริการรักษาความปลอดภัยและการสืบสวน,0,0.0
กิจกรรมการรักษาความปลอดภัยส่วนบุคคล,3738,10065.83008
กิจกรรมการบริการระบบรักษาความปลอดภัย,593,2021.64
กิจกรรมสืบสวน,18,23.4
กิจกรรมบริการสำหรับอาคารและภูมิทัศน์,0,0.0
กิจกรรมสนับสนุนการอำนวยความสะดวกแบบเบ็ดเสร็จ,113,2163.644848
การบริการทำความสะอาด,1,1.0
การบริการทำความสะอาดทั่วไปของตัวอาคาร,2735,6461.151002
การบริการทำความสะอาดสำหรับอาคารและอุตสาหกรรม อื่นๆ,0,0.0
กิจกรรมการทำความสะอาดพื้นผิวภายนอกอาคาร,72,180.575
กิจกรรมการทำความสะอาดภายในที่ใช้ความชำนาญเฉพาะด้าน,235,679.27
กิจกรรมการฆ่าเชื้อและกำจัด,1068,2584.197
กิจกรรมการทำความสะอาดสำหรับอาคารและอุตสาหกรรมอื่นๆ ซึ่งมิได้จัดประเภทไว้ในที่อื่น,129,484.535
การบริการดูแลและบำรุงรักษาภูมิทัศน์,1822,4747.503054
การบริหารสำนักงานบริการสนับสนุนสำนักงานและบริการ สนับสนุนทางธุรกิจอื่นๆ,0,0.0
กิจกรรมการบริหารและสนับสนุนสำนักงาน,0,0.0
กิจกรรมบริการเพื่อการบริหารสำนักงานแบบเบ็ดเสร็จ,5206,124371.56322375
กิจกรรมการถ่ายเอกสารการเตรียมเอกสารและกิจกรรมเฉพาะด้าน อื่นๆที่สนับสนุนสำนักงาน,0,0.0
การถ่ายเอกสาร,196,501.099999
การเตรียมเอกสารและกิจกรรมเฉพาะด้านอื่นๆที่สนับสนุน สำนักงาน,154,505.83
กิจกรรมศูนย์บริการลูกค้าทางโทรศัพท์,132,2719.964474
การจัดประชุมและการแสดงสินค้า,4,2.3
การจัดการประชุม,3019,12039.699675
การจัดการแสดงทางธุรกิจและการแสดงสินค้า,3699,30219.263912
กิจกรรมการบริการเพื่อสนับสนุนธุรกิจซึ่งมิได้จัดประเภทไว้ ในที่อื่น,2,2.0
กิจกรรมของหน่วยงานตัวแทนที่ทำหน้าที่เรียกเก็บเงินและข้อมูล เครดิต,0,0.0
กิจกรรมของตัวแทนที่ทำหน้าที่เรียกเก็บเงิน,286,2397.700055
กิจกรรมการบริการข้อมูลเครดิต,9,1021.95577
กิจกรรมที่เกี่ยวกับการบรรจุภัณฑ์,399,1913.3225
กิจกรรมการบริการอื่นๆเพื่อสนับสนุนธุรกิจซึ่งมิได้จัดประเภทไว้ ในที่อื่น,6015,196831.70029876
การบริหารราชการและการป้องกันประเทศรวมถึงการ ประกันสังคมภาคบังคับ,1,1.0
กิจกรรมการบริหารราชการทั่วไป,0,0.0
กิจกรรมด้านการบริการที่ส่งเสริมภาครัฐโดยรวม,2,1.2
การกำหนดกฎเกณฑ์เกี่ยวกับกิจกรรมการให้บริการทางสุขภาพ การศึกษาวัฒนธรรมและการบริการทางสังคมอื่นๆยกเว้น การประกันสังคม,0,0.0
การกำหนดกฎเกณฑ์เกี่ยวกับกิจกรรมการให้บริการทางการศึกษา,0,0.0
การกำหนดกฎเกณฑ์เกี่ยวกับกิจกรรมการให้บริการทางสุขภาพ,3,3.0
การกำหนดกฎเกณฑ์เกี่ยวกับกิจกรรมการให้บริการทางสิ่งแวดล้อมและที่พักอาศัย,1,1.0
การกำหนดกฎเกณฑ์เกี่ยวกับกิจกรรมการให้บริการด้านกีฬา นันทนาการวัฒนธรรมและศาสนา,1,1.0
การกำหนดกฎเกณฑ์และการสนับสนุนเพื่อเพิ่มประสิทธิภาพ ในการดำเนินงานทางการเกษตรกรรมการป่าไม้การประมง และการล่าสัตว์,0,0.0
การกำหนดกฎเกณฑ์และการสนับสนุนเพื่อเพิ่มประสิทธิภาพ ในการดำเนินงานทางด้านเชื้อเพลิงและพลังงาน,1,80.0
การกำหนดกฎเกณฑ์และการสนับสนุนเพื่อเพิ่มประสิทธิภาพ ในการดำเนินงานด้านการขนส่งและโทรคมนาคม,0,0.0
การกำหนดกฎเกณฑ์และการสนับสนุนเพื่อเพิ่มประสิทธิภาพ ในการดำเนินงานด้านการขายส่งและการขายปลีก,0,0.0
การกำหนดกฎเกณฑ์และการสนับสนุนเพื่อเพิ่มประสิทธิภาพ ในการดำเนินงานด้านการท่องเที่ยวและบริการที่เกี่ยวข้อง,0,0.0
การกำหนดกฎเกณฑ์และการสนับสนุนเพื่อเพิ่มประสิทธิภาพ การบริหารงานทั่วไปเกี่ยวกับเศรษฐกิจพาณิชย์และแรงงาน,0,0.0
การต่างประเทศ,0,0.0
กิจกรรมการจัดระเบียบและความปลอดภัยสาธารณะอื่นๆซึ่งมิได้ จัดประเภทไว้ในที่อื่น,3,0.7
การศึกษา,0,0.0
การศึกษาระดับประถมศึกษา,0,0.0
การศึกษาระดับประถมศึกษาสำหรับเด็กปกติ,229,12145.240248
การศึกษาระดับประถมศึกษาสำหรับเด็กพิการ,1,5.0
การศึกษาระดับประถมศึกษาโดยวิธีอื่นๆ,16,35.7
การศึกษาระดับมัธยมศึกษาประเภทสามัญศึกษาสำหรับ ผู้เรียนปกติ,37,1069.0
การศึกษาระดับมัธยมศึกษาประเภทสามัญศึกษาโดยวิธีอื่นๆ,8,14.45
การศึกษาระดับมัธยมศึกษาประเภทอาชีวศึกษา,69,3013.27
การศึกษาระดับอุดมศึกษา,1,80.0
การศึกษาระดับอุดมศึกษา ต่ำกว่าปริญญา,25,1133.9
การศึกษาระดับอุดมศึกษา ปริญญาตรี,26,4035.0
การศึกษาระดับอุดมศึกษา ระดับปริญญาโทขึ้นไป,4,8.0
การศึกษาประเภทอื่น ๆ,0,0.0
การศึกษาด้านกีฬาและนันทนาการ,1398,5091.798
กิจกรรมการเรียนการสอนด้านการเต้นรำ,123,245.93
กิจกรรมการเรียนการสอนด้านดนตรี,260,551.404
กิจกรรมการเรียนการสอนด้านศิลปะ,85,188.962
การศึกษาด้านวัฒนธรรมอื่น ๆ ซึ่งมิได้จัดประเภทไว้ในที่อื่น,39,71.55
การศึกษาอื่น ๆ ซึ่งมิได้จัดประเภทไว้ในที่อื่น,0,0.0
กิจกรรมการเรียนการสอนภาษา,1078,3806.967645
กิจกรรมการเรียนการสอนด้านเทคโนโลยีสารสนเทศ,292,732.59
กิจกรรมการกวดวิชาทั่วไป,712,1476.47616
กิจกรรมการเรียนการสอนตัดเสื้อผ้าและเสริมสวย,103,214.0
กิจกรรมการเรียนการสอนสปาบำบัด,36,88.4
กิจกรรมการเรียนการสอนนวด,40,75.4
กิจกรรมการเรียนการสอนขับขี่,266,2455.8442
การศึกษาอื่นๆซึ่งมิได้จัดประเภทไว้ในที่อื่น,1191,5992.6861
การบริการที่สนับสนุนการศึกษา,1503,7232.122936
การศึกษาระดับก่อนประถมศึกษาสำหรับเด็กปกติ,174,2621.4369
การศึกษาระดับก่อนประถมศึกษาสำหรับเด็กพิการ,2,16.0
กิจกรรมด้านสุขภาพของมนุษย์,0,0.0
กิจกรรมโรงพยาบาล,0,0.0
กิจกรรมโรงพยาบาล,1088,173105.1576274
กิจกรรมโรงพยาบาลเฉพาะทาง,236,11214.957052
กิจกรรมทางการแพทย์และทางทันตกรรม,0,0.0
กิจกรรมคลินิกโรคทั่วไป,3111,16880.7567
กิจกรรมคลินิกโรคเฉพาะทาง,2789,10351.22107
กิจกรรมทางทันตกรรม,1181,4195.308049
กิจกรรมอื่น ๆ ด้านสุขภาพของมนุษย์,0,0.0
กิจกรรมด้านการพยาบาลและผดุงครรภ์,206,440.425
กิจกรรมด้านกายภาพบำบัด,289,1972.630999
กิจกรรมในห้องปฏิบัติการทางการแพทย์,512,4577.3315
กิจกรรมอื่น ๆ ด้านสุขภาพของมนุษย์ ซึ่งมิได้จัดประเภทไว้ในที่อื่น,1483,12861.857988
หน่วยบริการทางการพยาบาลที่จัดที่พักให้,92,1168.6
กิจกรรมการดูแลรักษาในสถานที่ที่มีที่พักและมีคนดูแลประจำ สำหรับผู้พิการทางสมอง,3,4.0
กิจกรรมการดูแลรักษาในสถานที่ที่มีที่พักและมีคนดูแลประจำ สำหรับผู้มีปัญหาสุขภาพจิต,25,147.7
กิจกรรมการดูแลรักษาในสถานที่ที่มีที่พักและมีคนดูแลประจำ สำหรับผู้ใช้สารเสพติด,18,189.4
กิจกรรมการดูแลรักษาในสถานที่ที่มีที่พักและมีคนดูแลประจำ สำหรับผู้สูงอายุ,750,3253.65358
กิจกรรมการดูแลรักษาในสถานที่ที่มีที่พักและมีคนดูแลประจำ สำหรับเด็กและเยาวชนพิการ,8,18.0
กิจกรรมการดูแลรักษาในสถานที่ที่มีที่พักและมีคนดูแลประจำ สำหรับผู้พิการ,1,1.0
กิจกรรมการดูแลรักษาในสถานที่ที่มีที่พักและมีคนดูแลประจำ สำหรับเด็กและเยาวชน (ยกเว้น ผู้พิการซึ่งไม่สามารถช่วยเหลือตนเองได้ทั้งหมด หรือผู้ที่ไม่สามารถอยู่ตามลำพังได้และผู้ใช้สารเสพติด),5,11.5
กิจกรรมการดูแลรักษาในสถานที่ที่มีที่พักและมีคนดูแลประจำ สำหรับบุคคลอื่น ๆ ซึ่งมิได้จัดประเภทไว้ในที่อื่น,15,26.7
กิจกรรมสังคมสงเคราะห์โดยไม่มีที่พักอาศัยสำหรับผู้สูงอายุ,44,908.58
กิจกรรมสังคมสงเคราะห์โดยไม่มีที่พักอาศัยสำหรับผู้พิการ,4,1.3
กิจกรรมการรับเลี้ยงเด็กกลางวัน,264,1232.8894
กิจกรรมงานสังคมสงเคราะห์อื่นๆโดยไม่มีที่พักอาศัยซึ่งมิได้ จัดประเภทไว้ในที่อื่น,34,1035.715
กิจกรรมการสร้างสรรค์ศิลปะและความบันเทิง,0,0.0
กิจกรรมการสร้างสรรค์ศิลปะ,520,1268.297
กิจกรรมด้านความบันเทิง,2818,13950.665548
กิจกรรมห้องสมุด,2,3.0
กิจกรรมหอจดหมายเหตุ,1,1.0
กิจกรรมทางพิพิธภัณฑ์และการดำเนินงานเกี่ยวข้องกับแหล่ง โบราณสถานและอาคารทางประวัติศาสตร์,0,0.0
กิจกรรมพิพิธภัณฑ์,47,23634.4571
กิจกรรมการดำเนินงานเกี่ยวข้องกับโบราณสถานและอาคารทางประวัติศาสตร์,8,24.5
กิจกรรมสวนพฤกษชาติและสวนสัตว์,62,5507.8
กิจกรรมการอนุรักษ์ธรรมชาติ,15,24.45
กิจกรรมการพนันและการเสี่ยงโชค,0,0.0
กิจกรรมการขายสลากกินแบ่ง,703,1723.752
กิจกรรมการพนันและการเสี่ยงโชคอื่นๆซึ่งมิได้จัดประเภทไว้ ในที่อื่น,0,0.0
กิจกรรมด้านการกีฬา ความบันเทิงและนันทนาการ,0,0.0
กิจกรรมด้านการกีฬา,1,5.0
การดำเนินงานเกี่ยวกับสิ่งอำนวยความสะดวกทางการกีฬา,0,0.0
การดำเนินงานเกี่ยวกับสิ่งอำนวยความสะดวกสำหรับการแข่งขัน กีฬา,894,72801.884601
การดำเนินงานของสถานที่ออกกำลังกาย,1368,9011.93867
กิจกรรมด้านสโมสรกีฬา,288,6627.28
กิจกรรมอื่นๆทางด้านการกีฬา,0,0.0
กิจกรรมการจัดการแข่งขันกีฬา,337,3478.8666
กิจกรรมของสมาคม/สมาพันธ์กีฬา,7,12.25
กิจกรรมอื่นๆทางด้านการกีฬาซึ่งมิได้จัดประเภทไว้ในที่อื่น,321,3401.798
กิจกรรมทางด้านความบันเทิงและนันทนาการอื่น ๆ,0,0.0
กิจกรรมด้านสวนสนุกและธีมปาร์ค,223,14154.79
กิจกรรมด้านความบันเทิงและนันทนาการอื่น ๆ ซึ่งมิได้จัดประเภท ไว้ในที่อื่น,1,2.0
กิจกรรมสวนพักผ่อนหย่อนใจและชายหาด,15,48.0
กิจกรรมการแสดงโชว์เพื่อความบันเทิงและการนันทนาการ,235,1202.895
กิจกรรมการดำเนินงานร้านเกมและตู้เกมหยอดเหรียญ,208,1705.408999
กิจกรรมด้านความบันเทิงและการนันทนาการอื่นๆซึ่งมิได้ จัดประเภทไว้ในที่อื่น,471,3820.826698
กิจกรรมขององค์กรสมาชิก,1,1.0
กิจกรรมขององค์กรสมาชิกธุรกิจและองค์กรสมาชิกนายจ้าง,1,1.0
กิจกรรมขององค์กรสมาชิกผู้ประกอบวิชาชีพ,1,1.0
กิจกรรมของสหภาพแรงงาน,0,0.0
กิจกรรมขององค์กรทางศาสนา,0,0.0
กิจกรรมขององค์กรสมาชิกอื่นๆซึ่งมิได้จัดประเภทไว้ในที่อื่น,0,0.0
กิจกรรมขององค์กรสิทธิมนุษยชน,0,0.0
กิจกรรมของสมาคมเยาวชน,0,0.0
กิจกรรมขององค์กรด้านสิ่งแวดล้อมและนิเวศวิทยา,3,8.0
กิจกรรมของสมาคมด้านวัฒนธรรมและนันทนาการ,0,0.0
กิจกรรมการเป็นสมาชิกองค์กรอื่นๆซึ่งมิได้จัดประเภทไว้ในที่อื่น,0,0.0
การซ่อมคอมพิวเตอร์และอุปกรณ์สื่อสาร,0,0.0
การซ่อมคอมพิวเตอร์และอุปกรณ์ต่อพ่วง,482,1165.5263
การซ่อมอุปกรณ์สื่อสาร,177,945.05
การซ่อมเครื่องอิเล็กทรอนิกส์สำหรับผู้บริโภค,137,276.7
การซ่อมเครื่องใช้ในครัวเรือนและอุปกรณ์สำหรับบ้านและสวน,539,936.27369
การซ่อมรองเท้าและเครื่องหนัง,46,129.3
การซ่อมเฟอร์นิเจอร์และของตกแต่งบ้าน,101,318.541
การซ่อมของใช้ส่วนบุคคลและของใช้ในครัวเรือนอื่นๆ,0,0.0
การซ่อมนาฬิกา,19,96.6705
การซ่อมเครื่องแต่งกาย,5,6.0
การซ่อมจักรยานสองล้อ,16,26.8
การซ่อมเครื่องดนตรี,6,5.95
การซ่อมเครื่องกีฬา,10,23.0
การซ่อมของใช้ส่วนบุคคลและของใช้ในครัวเรือนอื่นๆซึ่งมิได้ จัดประเภทไว้ในที่อื่น,37,504.426
กิจกรรมการบริการอื่นๆส่วนบุคคล,1,1.0
การให้บริการด้านสุขภาพยกเว้นกิจกรรมทางด้านกีฬา,0,0.0
กิจกรรมสปา,1980,10696.446643
กิจกรรมการบริการลดน้ำหนัก,25,97.85
กิจกรรมการแต่งผม,641,1610.2545
กิจกรรมการดูแลความงามแต่งเล็บมือและเล็บเท้า,1615,4364.425099
กิจกรรมการให้บริการด้านสุขภาพอื่นๆซึ่งมิได้จัดประเภทไว้ ในที่อื่น,249,1056.0629
การให้บริการซักรีด,0,0.0
การบริการซักรีด (ยกเว้นโดยเครื่องซักผ้าชนิดหยอดเหรียญ),876,2829.38304
การซักผ้าโดยเครื่องซักผ้าชนิดหยอดเหรียญ,1124,2825.7436
การบริการฟอกและย้อมสี,19,120.5
กิจกรรมการให้บริการอื่นๆส่วนบุคคล,0,0.0
กิจกรรมเกี่ยวกับงานศพและกิจกรรมที่เกี่ยวข้อง,44,91.72
กิจกรรมการดูแลสัตว์เลี้ยง,278,655.57373
กิจกรรมการบริการด้วยเครื่องหยอดเหรียญ,139,425.87
กิจกรรมโหราศาสตร์และไสยศาสตร์,173,225.939997
กิจกรรมการบริการอาบอบนวดและการบริการอื่นๆที่คล้ายกัน,116,726.759
กิจกรรมการบริการอื่น ๆ ส่วนบุคคลซึ่งมิได้จัดประเภทไว้ในที่อื่น,3122,26218.592607
กิจกรรมการจ้างงานในครัวเรือนในฐานะที่เป็นนายจ้างส่วนบุคคล,0,0.0
กิจกรรมการผลิตสินค้าเพื่อใช้ในครัวเรือนซึ่งไม่สามารถจำแนก กิจกรรมได้อย่างชัดเจน,2,1.1
กิจกรรมการบริการในครัวเรือนซึ่งไม่สามารถจำแนกกิจกรรม ได้อย่างชัดเจน,0,0.0
กิจกรรมขององค์การระหว่างประเทศและภาคีสมาชิก,0,0.0
กิจกรรมขององค์การระหว่างประเทศและภาคีสมาชิกอื่น ๆ ซึ่งมิได้จัดประเภทไว้ในที่อื่น,1,5.0
N/A,251,2106.95
รวม,967210,23422943.082792725
